customer_id,customer_name,email,city,registration_date,segment,rfm_segment,recency_days,frequency,monetary,rfm_score,lifetime_value,avg_order_value,last_purchase_date
CUST10000,Кузнецов Алексей,customer0@example.com,Новосибирск,2023-10-17,Potential Loyalists,R5F1M5,15,1,7441.35,515,19382.53,7441.35,2026-01-07 13:25:23.613598
CUST10001,Иванов Иван,customer1@example.com,Санкт-Петербург,2023-11-24,Potential Loyalists,R3F2M5,70,3,5945.88,325,10868.81,1981.96,2025-11-13 13:25:23.613598
CUST10002,Андреев Сергей,customer2@example.com,Екатеринбург,2023-06-02,Potential Loyalists,R3F1M5,78,1,5656.33,315,12295.8,5656.33,2025-11-05 13:25:23.613598
CUST10003,Попов Дмитрий,customer3@example.com,Новосибирск,2022-10-12,Loyal Customers,R5F3M5,1,6,7011.58,535,12781.9,1168.6,2026-01-21 13:25:23.613598
CUST10004,Попов Дмитрий,customer4@example.com,Ростов-на-Дону,2022-12-11,Potential Loyalists,R5F2M4,14,3,3861.28,524,7324.0,1287.09,2026-01-08 13:25:23.613598
CUST10005,Васильев Иван,customer5@example.com,Омск,2022-02-14,Loyal Customers,R4F5M3,59,18,1335.78,453,2591.1,74.21,2025-11-24 13:25:23.613598
CUST10006,Андреев Иван,customer6@example.com,Москва,2023-10-06,Loyal Customers,R3F4M5,80,12,5815.79,345,14492.33,484.65,2025-11-03 13:25:23.613598
CUST10007,Васильев Дмитрий,customer7@example.com,Самара,2022-10-24,Loyal Customers,R5F3M5,11,8,8678.19,535,21292.17,1084.77,2026-01-11 13:25:23.613598
CUST10008,Михайлов Дмитрий,customer8@example.com,Санкт-Петербург,2023-01-09,Champions,R5F4M4,21,12,3617.18,544,8730.77,301.43,2026-01-01 13:25:23.613598
CUST10009,Васильев Дмитрий,customer9@example.com,Омск,2022-06-25,Loyal Customers,R3F3M3,69,8,1717.68,333,3142.37,214.71,2025-11-14 13:25:23.613598
CUST10010,Федоров Дмитрий,customer10@example.com,Челябинск,2022-11-29,Loyal Customers,R5F3M5,8,8,8235.85,535,15661.38,1029.48,2026-01-14 13:25:23.613598
CUST10011,Алексеев Сергей,customer11@example.com,Самара,2022-08-05,Loyal Customers,R3F4M4,73,11,2205.0,344,3780.05,200.45,2025-11-10 13:25:23.613598
CUST10012,Андреев Сергей,customer12@example.com,Ростов-на-Дону,2022-05-23,Champions,R4F5M5,32,18,5435.88,455,11410.45,301.99,2025-12-21 13:25:23.613598
CUST10013,Федоров Иван,customer13@example.com,Санкт-Петербург,2022-08-13,Champions,R5F5M4,18,17,4985.81,554,8621.77,293.28,2026-01-04 13:25:23.613598
CUST10014,Васильев Сергей,customer14@example.com,Ростов-на-Дону,2022-06-13,Loyal Customers,R3F4M5,88,14,6004.45,345,17978.41,428.89,2025-10-26 13:25:23.613598
CUST10015,Иванов Иван,customer15@example.com,Омск,2023-06-26,Champions,R4F5M5,33,18,8621.72,455,22643.36,478.98,2025-12-20 13:25:23.613598
CUST10016,Сидоров Сергей,customer16@example.com,Москва,2023-10-19,Potential Loyalists,R4F2M4,44,4,3005.65,424,8808.73,751.41,2025-12-09 13:25:23.613598
CUST10017,Петров Дмитрий,customer17@example.com,Омск,2022-09-27,Loyal Customers,R3F3M5,65,6,5126.05,335,12371.49,854.34,2025-11-18 13:25:23.613598
CUST10018,Федоров Иван,customer18@example.com,Ростов-на-Дону,2022-06-06,Loyal Customers,R4F3M5,48,6,5439.85,435,10804.82,906.64,2025-12-05 13:25:23.613598
CUST10019,Федоров Дмитрий,customer19@example.com,Екатеринбург,2022-01-20,Champions,R5F4M5,15,12,8799.35,545,13963.58,733.28,2026-01-07 13:25:23.613598
CUST10020,Петров Алексей,customer20@example.com,Новосибирск,2023-08-04,Potential Loyalists,R5F2M5,11,3,7345.89,525,18288.51,2448.63,2026-01-11 13:25:23.613598
CUST10021,Сергеев Сергей,customer21@example.com,Екатеринбург,2023-07-17,Loyal Customers,R5F3M5,22,9,5323.97,535,15404.22,591.55,2025-12-31 13:25:23.613598
CUST10022,Михайлов Дмитрий,customer22@example.com,Самара,2023-12-08,Champions,R5F4M4,26,10,4050.02,544,11540.22,405.0,2025-12-27 13:25:23.613598
CUST10023,Попов Иван,customer23@example.com,Ростов-на-Дону,2023-04-08,Loyal Customers,R5F3M4,16,8,2324.5,534,5418.14,290.56,2026-01-06 13:25:23.613598
CUST10024,Михайлов Иван,customer24@example.com,Екатеринбург,2023-08-26,Potential Loyalists,R5F1M2,29,1,802.83,512,1285.41,802.83,2025-12-24 13:25:23.613598
CUST10025,Смирнов Сергей,customer25@example.com,Екатеринбург,2022-02-02,Potential Loyalists,R4F2M5,43,3,5190.15,425,11983.27,1730.05,2025-12-10 13:25:23.613598
CUST10026,Алексеев Сергей,customer26@example.com,Екатеринбург,2023-08-08,Loyal Customers,R3F5M4,74,16,2505.67,354,4113.03,156.6,2025-11-09 13:25:23.613598
CUST10027,Алексеев Иван,customer27@example.com,Санкт-Петербург,2023-11-06,Champions,R4F4M4,56,12,4293.43,444,6830.5,357.79,2025-11-27 13:25:23.613598
CUST10028,Николаев Сергей,customer28@example.com,Новосибирск,2022-12-14,Loyal Customers,R5F3M3,14,8,1996.74,533,4258.7,249.59,2026-01-08 13:25:23.613598
CUST10029,Петров Сергей,customer29@example.com,Омск,2022-10-13,Loyal Customers,R4F3M5,60,8,8757.41,435,14422.26,1094.68,2025-11-23 13:25:23.613598
CUST10030,Федоров Алексей,customer30@example.com,Новосибирск,2023-10-30,Potential Loyalists,R3F1M5,70,1,9693.06,315,20448.69,9693.06,2025-11-13 13:25:23.613598
CUST10031,Сидоров Сергей,customer31@example.com,Москва,2023-05-08,Champions,R5F4M5,28,13,9034.18,545,26903.47,694.94,2025-12-25 13:25:23.613598
CUST10032,Андреев Сергей,customer32@example.com,Новосибирск,2022-09-29,Champions,R4F4M4,59,10,4287.77,444,7653.02,428.78,2025-11-24 13:25:23.613598
CUST10033,Иванов Дмитрий,customer33@example.com,Москва,2022-08-11,Champions,R5F5M5,8,19,7383.8,555,11631.06,388.62,2026-01-14 13:25:23.613598
CUST10034,Николаев Иван,customer34@example.com,Новосибирск,2023-05-04,Loyal Customers,R3F5M3,65,17,1658.58,353,2658.35,97.56,2025-11-18 13:25:23.613598
CUST10035,Сергеев Алексей,customer35@example.com,Ростов-на-Дону,2022-03-11,Loyal Customers,R3F3M4,87,8,4097.38,334,9800.02,512.17,2025-10-27 13:25:23.613598
CUST10036,Сергеев Дмитрий,customer36@example.com,Казань,2023-09-27,Champions,R5F4M5,11,14,6607.99,545,11936.61,472.0,2026-01-11 13:25:23.613598
CUST10037,Михайлов Дмитрий,customer37@example.com,Самара,2022-11-18,Loyal Customers,R4F3M4,31,9,4018.28,434,7933.15,446.48,2025-12-22 13:25:23.613598
CUST10038,Сергеев Иван,customer38@example.com,Санкт-Петербург,2022-03-16,Champions,R5F5M5,2,15,6249.48,555,14414.12,416.63,2026-01-20 13:25:23.613598
CUST10039,Петров Алексей,customer39@example.com,Нижний Новгород,2023-06-03,Loyal Customers,R4F3M5,34,5,9339.27,435,18001.26,1867.85,2025-12-19 13:25:23.613598
CUST10040,Федоров Иван,customer40@example.com,Омск,2023-03-25,Loyal Customers,R3F4M5,70,10,6155.61,345,11997.7,615.56,2025-11-13 13:25:23.613598
CUST10041,Петров Алексей,customer41@example.com,Казань,2023-11-11,Loyal Customers,R5F3M4,14,5,2718.21,534,5226.13,543.64,2026-01-08 13:25:23.613598
CUST10042,Смирнов Сергей,customer42@example.com,Казань,2022-08-04,Loyal Customers,R4F3M5,44,7,6906.22,435,19738.01,986.6,2025-12-09 13:25:23.613598
CUST10043,Иванов Иван,customer43@example.com,Нижний Новгород,2022-02-22,Champions,R5F4M5,12,14,8310.55,545,22078.45,593.61,2026-01-10 13:25:23.613598
CUST10044,Николаев Сергей,customer44@example.com,Омск,2023-10-15,Loyal Customers,R4F3M5,34,6,7438.19,435,11265.17,1239.7,2025-12-19 13:25:23.613598
CUST10045,Попов Алексей,customer45@example.com,Челябинск,2022-03-19,Loyal Customers,R3F3M5,89,5,5501.34,335,9303.7,1100.27,2025-10-25 13:25:23.613598
CUST10046,Кузнецов Алексей,customer46@example.com,Санкт-Петербург,2022-11-12,Potential Loyalists,R4F2M5,47,2,8999.35,425,18273.35,4499.68,2025-12-06 13:25:23.613598
CUST10047,Кузнецов Алексей,customer47@example.com,Новосибирск,2023-07-28,Champions,R4F5M5,53,20,7519.83,455,21221.89,375.99,2025-11-30 13:25:23.613598
CUST10048,Васильев Алексей,customer48@example.com,Казань,2022-01-26,Champions,R5F4M5,23,11,7845.63,545,13641.95,713.24,2025-12-30 13:25:23.613598
CUST10049,Алексеев Алексей,customer49@example.com,Екатеринбург,2023-12-20,Champions,R5F4M5,14,13,8734.45,545,23800.33,671.88,2026-01-08 13:25:23.613598
CUST10050,Кузнецов Алексей,customer50@example.com,Москва,2023-04-17,Champions,R4F4M5,45,10,8223.31,445,20476.45,822.33,2025-12-08 13:25:23.613598
CUST10051,Федоров Дмитрий,customer51@example.com,Нижний Новгород,2023-02-13,Loyal Customers,R4F3M5,43,9,8657.09,435,21315.69,961.9,2025-12-10 13:25:23.613598
CUST10052,Иванов Иван,customer52@example.com,Казань,2023-02-14,Loyal Customers,R3F5M4,87,18,3378.38,354,5972.48,187.69,2025-10-27 13:25:23.613598
CUST10053,Попов Дмитрий,customer53@example.com,Челябинск,2022-09-29,Potential Loyalists,R5F2M5,5,4,6006.06,525,14470.47,1501.51,2026-01-17 13:25:23.613598
CUST10054,Кузнецов Дмитрий,customer54@example.com,Москва,2023-06-08,Champions,R5F4M5,15,13,9005.1,545,23081.67,692.7,2026-01-07 13:25:23.613598
CUST10055,Андреев Алексей,customer55@example.com,Нижний Новгород,2022-01-02,Loyal Customers,R3F5M5,67,18,6899.89,355,14813.68,383.33,2025-11-16 13:25:23.613598
CUST10056,Петров Дмитрий,customer56@example.com,Омск,2023-11-12,Champions,R4F5M4,43,20,3207.76,454,6299.82,160.39,2025-12-10 13:25:23.613598
CUST10057,Николаев Алексей,customer57@example.com,Екатеринбург,2023-02-23,Champions,R4F4M5,42,13,7002.36,445,14919.72,538.64,2025-12-11 13:25:23.613598
CUST10058,Смирнов Сергей,customer58@example.com,Омск,2023-01-24,Loyal Customers,R3F3M5,87,6,6193.6,335,17036.03,1032.27,2025-10-27 13:25:23.613598
CUST10059,Сергеев Дмитрий,customer59@example.com,Самара,2022-11-08,Loyal Customers,R4F3M4,37,7,4355.89,434,9420.4,622.27,2025-12-16 13:25:23.613598
CUST10060,Федоров Алексей,customer60@example.com,Санкт-Петербург,2023-11-23,Champions,R5F5M4,28,17,4784.54,554,9213.5,281.44,2025-12-25 13:25:23.613598
CUST10061,Федоров Алексей,customer61@example.com,Казань,2023-11-11,Loyal Customers,R3F5M4,82,20,3418.36,354,6279.4,170.92,2025-11-01 13:25:23.613598
CUST10062,Алексеев Иван,customer62@example.com,Самара,2022-07-23,Potential Loyalists,R5F1M2,19,1,557.52,512,1182.86,557.52,2026-01-03 13:25:23.613598
CUST10063,Васильев Сергей,customer63@example.com,Челябинск,2023-10-07,Loyal Customers,R3F3M5,74,7,7211.62,335,13456.72,1030.23,2025-11-09 13:25:23.613598
CUST10064,Федоров Иван,customer64@example.com,Челябинск,2023-11-03,Potential Loyalists,R3F1M5,89,1,8937.33,315,16339.78,8937.33,2025-10-25 13:25:23.613598
CUST10065,Кузнецов Иван,customer65@example.com,Самара,2023-12-14,Loyal Customers,R3F5M2,67,15,597.16,352,1015.18,39.81,2025-11-16 13:25:23.613598
CUST10066,Сергеев Дмитрий,customer66@example.com,Самара,2023-04-21,Loyal Customers,R3F5M5,86,17,9880.14,355,23899.83,581.18,2025-10-28 13:25:23.613598
CUST10067,Сидоров Сергей,customer67@example.com,Самара,2023-06-01,Champions,R4F5M4,55,18,4514.54,454,8527.01,250.81,2025-11-28 13:25:23.613598
CUST10068,Николаев Сергей,customer68@example.com,Екатеринбург,2022-09-11,Loyal Customers,R3F3M5,82,9,7681.56,335,14686.34,853.51,2025-11-01 13:25:23.613598
CUST10069,Попов Иван,customer69@example.com,Новосибирск,2022-03-21,Loyal Customers,R4F3M4,37,8,2789.98,434,4816.19,348.75,2025-12-16 13:25:23.613598
CUST10070,Петров Сергей,customer70@example.com,Челябинск,2023-01-28,Loyal Customers,R3F3M5,89,5,7093.55,335,14161.01,1418.71,2025-10-25 13:25:23.613598
CUST10071,Васильев Сергей,customer71@example.com,Ростов-на-Дону,2023-04-23,Potential Loyalists,R4F2M4,54,2,2147.66,424,6269.22,1073.83,2025-11-29 13:25:23.613598
CUST10072,Попов Дмитрий,customer72@example.com,Челябинск,2022-01-21,Loyal Customers,R3F4M4,74,13,4822.1,344,13406.27,370.93,2025-11-09 13:25:23.613598
CUST10073,Кузнецов Сергей,customer73@example.com,Екатеринбург,2023-03-06,Loyal Customers,R3F5M5,69,18,8018.69,355,15310.92,445.48,2025-11-14 13:25:23.613598
CUST10074,Михайлов Сергей,customer74@example.com,Новосибирск,2023-05-13,Champions,R5F4M4,4,13,3427.68,544,9463.0,263.67,2026-01-18 13:25:23.613598
CUST10075,Васильев Иван,customer75@example.com,Санкт-Петербург,2022-05-11,Loyal Customers,R3F5M1,80,18,366.97,351,904.25,20.39,2025-11-03 13:25:23.613598
CUST10076,Васильев Дмитрий,customer76@example.com,Екатеринбург,2022-05-19,Loyal Customers,R4F3M2,60,6,597.82,432,1304.47,99.64,2025-11-23 13:25:23.613598
CUST10077,Васильев Дмитрий,customer77@example.com,Санкт-Петербург,2022-12-12,Loyal Customers,R4F3M5,49,9,7544.9,435,16639.97,838.32,2025-12-04 13:25:23.613598
CUST10078,Петров Иван,customer78@example.com,Москва,2023-07-07,Champions,R5F4M4,7,12,2319.8,544,6784.06,193.32,2026-01-15 13:25:23.613598
CUST10079,Сидоров Сергей,customer79@example.com,Санкт-Петербург,2022-07-24,Loyal Customers,R5F5M3,3,20,1608.59,553,3773.67,80.43,2026-01-19 13:25:23.613598
CUST10080,Сидоров Иван,customer80@example.com,Новосибирск,2022-08-12,Loyal Customers,R4F3M5,60,9,7692.29,435,22669.81,854.7,2025-11-23 13:25:23.613598
CUST10081,Сергеев Сергей,customer81@example.com,Челябинск,2022-04-21,Potential Loyalists,R3F1M5,75,1,9295.98,315,27071.82,9295.98,2025-11-08 13:25:23.613598
CUST10082,Михайлов Алексей,customer82@example.com,Санкт-Петербург,2022-07-23,Champions,R5F5M5,10,19,6937.08,555,17660.35,365.11,2026-01-12 13:25:23.613598
CUST10083,Федоров Иван,customer83@example.com,Нижний Новгород,2022-11-05,Loyal Customers,R3F5M5,88,20,8074.73,355,18564.75,403.74,2025-10-26 13:25:23.613598
CUST10084,Попов Иван,customer84@example.com,Челябинск,2023-11-09,Potential Loyalists,R4F2M5,48,3,5109.01,425,13965.47,1703.0,2025-12-05 13:25:23.613598
CUST10085,Алексеев Алексей,customer85@example.com,Челябинск,2022-04-19,Champions,R4F4M5,56,12,6392.29,445,11277.32,532.69,2025-11-27 13:25:23.613598
CUST10086,Николаев Сергей,customer86@example.com,Самара,2023-06-19,Loyal Customers,R3F3M5,84,9,6197.53,335,13345.53,688.61,2025-10-30 13:25:23.613598
CUST10087,Петров Дмитрий,customer87@example.com,Самара,2023-08-30,Champions,R4F4M5,35,11,8531.96,445,15918.89,775.63,2025-12-18 13:25:23.613598
CUST10088,Попов Иван,customer88@example.com,Самара,2023-04-21,Loyal Customers,R3F5M5,73,20,6715.07,355,18643.91,335.75,2025-11-10 13:25:23.613598
CUST10089,Смирнов Дмитрий,customer89@example.com,Казань,2022-07-06,Loyal Customers,R3F3M4,63,7,3612.77,334,10189.74,516.11,2025-11-20 13:25:23.613598
CUST10090,Кузнецов Иван,customer90@example.com,Екатеринбург,2023-12-20,Loyal Customers,R4F5M1,36,18,200.5,451,517.3,11.14,2025-12-17 13:25:23.613598
CUST10091,Михайлов Сергей,customer91@example.com,Самара,2023-05-16,Loyal Customers,R3F3M5,72,8,6937.03,335,18656.45,867.13,2025-11-11 13:25:23.613598
CUST10092,Кузнецов Дмитрий,customer92@example.com,Ростов-на-Дону,2022-04-06,Loyal Customers,R4F3M4,38,8,4103.57,434,8426.81,512.95,2025-12-15 13:25:23.613598
CUST10093,Андреев Дмитрий,customer93@example.com,Нижний Новгород,2023-07-21,Loyal Customers,R3F4M4,68,12,4312.49,344,11015.31,359.37,2025-11-15 13:25:23.613598
CUST10094,Андреев Алексей,customer94@example.com,Нижний Новгород,2022-10-05,Loyal Customers,R4F3M4,40,9,2382.33,434,4000.72,264.7,2025-12-13 13:25:23.613598
CUST10095,Андреев Сергей,customer95@example.com,Казань,2023-07-03,Loyal Customers,R3F3M3,89,6,1996.26,333,5164.07,332.71,2025-10-25 13:25:23.613598
CUST10096,Кузнецов Дмитрий,customer96@example.com,Екатеринбург,2023-06-22,Loyal Customers,R3F4M5,77,10,9807.06,345,20019.35,980.71,2025-11-06 13:25:23.613598
CUST10097,Иванов Иван,customer97@example.com,Омск,2022-11-06,Loyal Customers,R5F5M3,2,18,1353.17,553,2622.72,75.18,2026-01-20 13:25:23.613598
CUST10098,Иванов Дмитрий,customer98@example.com,Самара,2022-05-10,Loyal Customers,R3F5M3,82,16,1115.62,353,2474.52,69.73,2025-11-01 13:25:23.613598
CUST10099,Алексеев Иван,customer99@example.com,Санкт-Петербург,2022-12-15,Potential Loyalists,R5F2M4,24,2,2599.54,524,5461.78,1299.77,2025-12-29 13:25:23.613598
CUST10100,Федоров Дмитрий,customer100@example.com,Санкт-Петербург,2022-03-17,Potential Loyalists,R3F2M3,74,2,1602.1,323,4791.68,801.05,2025-11-09 13:25:23.613598
CUST10101,Федоров Алексей,customer101@example.com,Омск,2022-05-02,Loyal Customers,R3F4M5,72,14,6102.54,345,12635.73,435.9,2025-11-11 13:25:23.613598
CUST10102,Смирнов Иван,customer102@example.com,Ростов-на-Дону,2023-03-30,Champions,R4F5M5,39,19,9901.31,455,29111.47,521.12,2025-12-14 13:25:23.613598
CUST10103,Петров Алексей,customer103@example.com,Екатеринбург,2022-04-12,Loyal Customers,R5F3M4,27,7,2720.0,534,4789.15,388.57,2025-12-26 13:25:23.613598
CUST10104,Андреев Сергей,customer104@example.com,Казань,2022-03-18,Potential Loyalists,R5F1M4,21,1,4144.32,514,6419.39,4144.32,2026-01-01 13:25:23.613598
CUST10105,Кузнецов Дмитрий,customer105@example.com,Ростов-на-Дону,2022-10-23,Loyal Customers,R4F5M2,37,15,804.68,452,2005.08,53.65,2025-12-16 13:25:23.613598
CUST10106,Михайлов Алексей,customer106@example.com,Казань,2022-07-22,Potential Loyalists,R4F2M5,55,4,5491.17,425,15045.51,1372.79,2025-11-28 13:25:23.613598
CUST10107,Сергеев Дмитрий,customer107@example.com,Самара,2022-03-15,Loyal Customers,R5F3M5,8,6,7947.02,535,13402.9,1324.5,2026-01-14 13:25:23.613598
CUST10108,Николаев Сергей,customer108@example.com,Самара,2023-12-07,Champions,R4F4M5,39,13,9432.49,445,15286.89,725.58,2025-12-14 13:25:23.613598
CUST10109,Иванов Иван,customer109@example.com,Екатеринбург,2022-02-10,Champions,R4F4M5,56,11,6076.77,445,17883.11,552.43,2025-11-27 13:25:23.613598
CUST10110,Михайлов Дмитрий,customer110@example.com,Ростов-на-Дону,2023-08-13,Potential Loyalists,R3F1M5,76,1,9995.77,315,15596.87,9995.77,2025-11-07 13:25:23.613598
CUST10111,Смирнов Алексей,customer111@example.com,Ростов-на-Дону,2022-06-29,Loyal Customers,R3F5M5,61,17,6549.94,355,14107.45,385.29,2025-11-22 13:25:23.613598
CUST10112,Попов Дмитрий,customer112@example.com,Санкт-Петербург,2023-05-19,Champions,R5F5M4,12,16,3544.81,554,9877.98,221.55,2026-01-10 13:25:23.613598
CUST10113,Васильев Иван,customer113@example.com,Самара,2022-12-04,Champions,R4F5M4,53,16,2953.36,454,4820.14,184.58,2025-11-30 13:25:23.613598
CUST10114,Васильев Иван,customer114@example.com,Омск,2022-09-16,Potential Loyalists,R4F2M5,42,4,9704.83,425,21282.35,2426.21,2025-12-11 13:25:23.613598
CUST10115,Федоров Сергей,customer115@example.com,Самара,2022-02-25,Champions,R5F5M4,25,17,3681.62,554,9719.41,216.57,2025-12-28 13:25:23.613598
CUST10116,Смирнов Сергей,customer116@example.com,Самара,2022-07-28,Loyal Customers,R4F5M3,35,18,1397.03,453,2350.0,77.61,2025-12-18 13:25:23.613598
CUST10117,Смирнов Иван,customer117@example.com,Омск,2023-10-08,Loyal Customers,R3F3M5,78,8,7126.85,335,15051.81,890.86,2025-11-05 13:25:23.613598
CUST10118,Михайлов Алексей,customer118@example.com,Самара,2022-08-19,Champions,R5F5M5,15,15,9475.9,555,27470.44,631.73,2026-01-07 13:25:23.613598
CUST10119,Алексеев Сергей,customer119@example.com,Екатеринбург,2022-10-26,Loyal Customers,R3F3M4,66,9,4213.35,334,9206.94,468.15,2025-11-17 13:25:23.613598
CUST10120,Николаев Алексей,customer120@example.com,Санкт-Петербург,2022-05-29,Loyal Customers,R4F3M5,50,7,9226.49,435,17662.93,1318.07,2025-12-03 13:25:23.613598
CUST10121,Иванов Дмитрий,customer121@example.com,Казань,2023-03-01,Champions,R4F5M4,44,17,2745.01,454,7565.83,161.47,2025-12-09 13:25:23.613598
CUST10122,Алексеев Сергей,customer122@example.com,Нижний Новгород,2023-08-17,Loyal Customers,R3F5M5,85,16,8666.08,355,17320.55,541.63,2025-10-29 13:25:23.613598
CUST10123,Кузнецов Алексей,customer123@example.com,Ростов-на-Дону,2023-07-11,Champions,R4F5M5,49,15,9335.24,455,19365.54,622.35,2025-12-04 13:25:23.613598
CUST10124,Андреев Сергей,customer124@example.com,Челябинск,2023-02-25,Champions,R5F4M5,6,11,7472.58,545,22287.88,679.33,2026-01-16 13:25:23.613598
CUST10125,Сидоров Дмитрий,customer125@example.com,Санкт-Петербург,2023-10-30,Champions,R5F5M5,20,16,9651.76,555,27133.86,603.24,2026-01-02 13:25:23.613598
CUST10126,Иванов Алексей,customer126@example.com,Челябинск,2023-03-27,Champions,R5F5M5,13,17,9113.37,555,25575.76,536.08,2026-01-09 13:25:23.613598
CUST10127,Смирнов Дмитрий,customer127@example.com,Ростов-на-Дону,2022-06-08,Champions,R5F5M5,10,16,7837.1,555,19898.84,489.82,2026-01-12 13:25:23.613598
CUST10128,Николаев Сергей,customer128@example.com,Нижний Новгород,2023-10-28,Champions,R5F4M5,11,11,8538.18,545,20834.85,776.2,2026-01-11 13:25:23.613598
CUST10129,Кузнецов Дмитрий,customer129@example.com,Екатеринбург,2023-05-15,Potential Loyalists,R3F2M5,70,2,6212.85,325,16278.59,3106.42,2025-11-13 13:25:23.613598
CUST10130,Андреев Дмитрий,customer130@example.com,Москва,2023-03-21,Potential Loyalists,R5F2M4,13,4,4492.42,524,7048.54,1123.1,2026-01-09 13:25:23.613598
CUST10131,Сидоров Алексей,customer131@example.com,Омск,2022-02-27,Champions,R4F4M4,38,12,3810.93,444,8071.84,317.58,2025-12-15 13:25:23.613598
CUST10132,Сергеев Сергей,customer132@example.com,Ростов-на-Дону,2023-11-30,Loyal Customers,R5F3M3,24,6,1833.19,533,4628.25,305.53,2025-12-29 13:25:23.613598
CUST10133,Михайлов Дмитрий,customer133@example.com,Самара,2023-05-25,Loyal Customers,R3F3M4,75,5,2398.67,334,4516.66,479.73,2025-11-08 13:25:23.613598
CUST10134,Сидоров Иван,customer134@example.com,Самара,2022-01-10,Champions,R4F4M5,60,10,6808.35,445,19865.76,680.83,2025-11-23 13:25:23.613598
CUST10135,Алексеев Дмитрий,customer135@example.com,Екатеринбург,2023-08-25,Champions,R4F4M5,39,14,6934.1,445,20795.8,495.29,2025-12-14 13:25:23.613598
CUST10136,Попов Дмитрий,customer136@example.com,Казань,2023-05-10,Loyal Customers,R5F3M4,14,8,3875.51,534,5940.8,484.44,2026-01-08 13:25:23.613598
CUST10137,Михайлов Иван,customer137@example.com,Ростов-на-Дону,2023-11-06,Loyal Customers,R4F3M1,51,9,180.17,431,471.64,20.02,2025-12-02 13:25:23.613598
CUST10138,Кузнецов Алексей,customer138@example.com,Ростов-на-Дону,2022-10-21,Champions,R5F5M5,30,20,8039.13,555,15080.92,401.96,2025-12-23 13:25:23.613598
CUST10139,Михайлов Иван,customer139@example.com,Казань,2023-11-07,Loyal Customers,R3F3M5,88,5,6319.66,335,16955.11,1263.93,2025-10-26 13:25:23.613598
CUST10140,Петров Дмитрий,customer140@example.com,Нижний Новгород,2022-02-04,Loyal Customers,R3F4M5,75,12,7350.36,345,19266.92,612.53,2025-11-08 13:25:23.613598
CUST10141,Попов Дмитрий,customer141@example.com,Новосибирск,2022-06-29,Loyal Customers,R5F3M5,26,5,7886.48,535,14869.6,1577.3,2025-12-27 13:25:23.613598
CUST10142,Алексеев Иван,customer142@example.com,Новосибирск,2023-05-09,Champions,R4F4M5,38,11,8061.9,445,21212.7,732.9,2025-12-15 13:25:23.613598
CUST10143,Федоров Дмитрий,customer143@example.com,Санкт-Петербург,2022-08-20,Loyal Customers,R3F4M5,87,13,9675.97,345,25989.88,744.31,2025-10-27 13:25:23.613598
CUST10144,Попов Дмитрий,customer144@example.com,Ростов-на-Дону,2022-01-15,Loyal Customers,R4F5M3,34,18,1323.53,453,2741.74,73.53,2025-12-19 13:25:23.613598
CUST10145,Алексеев Иван,customer145@example.com,Ростов-на-Дону,2023-10-16,Potential Loyalists,R4F2M5,48,4,6780.88,425,19165.16,1695.22,2025-12-05 13:25:23.613598
CUST10146,Петров Сергей,customer146@example.com,Казань,2023-07-29,Champions,R4F5M4,42,20,2291.54,454,5668.94,114.58,2025-12-11 13:25:23.613598
CUST10147,Смирнов Сергей,customer147@example.com,Санкт-Петербург,2022-04-30,Potential Loyalists,R5F2M5,18,2,9467.99,525,15582.3,4733.99,2026-01-04 13:25:23.613598
CUST10148,Михайлов Сергей,customer148@example.com,Ростов-на-Дону,2023-07-05,Champions,R5F4M4,18,13,4591.07,544,11998.33,353.16,2026-01-04 13:25:23.613598
CUST10149,Сергеев Сергей,customer149@example.com,Казань,2022-06-08,Potential Loyalists,R4F2M5,54,4,8353.56,425,12940.29,2088.39,2025-11-29 13:25:23.613598
CUST10150,Кузнецов Дмитрий,customer150@example.com,Санкт-Петербург,2023-01-15,Champions,R5F5M4,28,15,4502.49,554,13378.66,300.17,2025-12-25 13:25:23.613598
CUST10151,Смирнов Алексей,customer151@example.com,Санкт-Петербург,2023-01-12,Loyal Customers,R3F4M2,70,12,699.45,342,2044.84,58.29,2025-11-13 13:25:23.613598
CUST10152,Сергеев Иван,customer152@example.com,Москва,2023-04-11,Loyal Customers,R5F3M5,12,7,6452.87,535,17294.94,921.84,2026-01-10 13:25:23.613598
CUST10153,Федоров Алексей,customer153@example.com,Ростов-на-Дону,2022-09-07,Champions,R5F5M4,17,19,2131.54,554,3887.76,112.19,2026-01-05 13:25:23.613598
CUST10154,Сергеев Иван,customer154@example.com,Казань,2022-08-27,Loyal Customers,R4F3M5,43,5,7907.57,435,22043.22,1581.51,2025-12-10 13:25:23.613598
CUST10155,Сидоров Иван,customer155@example.com,Москва,2022-05-29,Champions,R5F5M4,17,18,2581.48,554,4382.59,143.42,2026-01-05 13:25:23.613598
CUST10156,Сидоров Дмитрий,customer156@example.com,Москва,2023-01-02,Champions,R4F5M4,31,19,3305.34,454,5586.48,173.97,2025-12-22 13:25:23.613598
CUST10157,Алексеев Сергей,customer157@example.com,Нижний Новгород,2023-03-08,Potential Loyalists,R3F2M5,68,4,7482.09,325,16983.27,1870.52,2025-11-15 13:25:23.613598
CUST10158,Сергеев Иван,customer158@example.com,Омск,2022-04-22,Champions,R4F5M4,58,17,2293.34,454,4477.63,134.9,2025-11-25 13:25:23.613598
CUST10159,Васильев Сергей,customer159@example.com,Санкт-Петербург,2023-10-21,Potential Loyalists,R5F2M5,4,2,9986.01,525,22322.76,4993.0,2026-01-18 13:25:23.613598
CUST10160,Сидоров Иван,customer160@example.com,Новосибирск,2023-03-31,Potential Loyalists,R5F2M4,10,3,3288.91,524,6290.11,1096.3,2026-01-12 13:25:23.613598
CUST10161,Васильев Дмитрий,customer161@example.com,Самара,2023-10-11,Loyal Customers,R3F5M5,75,18,7150.31,355,16147.74,397.24,2025-11-08 13:25:23.613598
CUST10162,Михайлов Алексей,customer162@example.com,Челябинск,2023-03-17,Potential Loyalists,R5F2M5,13,4,8542.65,525,18600.18,2135.66,2026-01-09 13:25:23.613598
CUST10163,Васильев Сергей,customer163@example.com,Санкт-Петербург,2022-08-22,Champions,R4F4M5,53,11,8291.45,445,16324.39,753.77,2025-11-30 13:25:23.613598
CUST10164,Сидоров Сергей,customer164@example.com,Санкт-Петербург,2022-11-17,Loyal Customers,R3F3M4,86,9,3805.58,334,6229.12,422.84,2025-10-28 13:25:23.613598
CUST10165,Андреев Дмитрий,customer165@example.com,Новосибирск,2022-03-29,Loyal Customers,R5F4M3,12,14,1055.99,543,2465.26,75.43,2026-01-10 13:25:23.613598
CUST10166,Петров Сергей,customer166@example.com,Нижний Новгород,2023-08-24,Loyal Customers,R3F5M4,72,18,3363.5,354,9452.8,186.86,2025-11-11 13:25:23.613598
CUST10167,Попов Иван,customer167@example.com,Ростов-на-Дону,2023-03-10,Champions,R5F4M5,7,10,6044.06,545,13666.34,604.41,2026-01-15 13:25:23.613598
CUST10168,Петров Дмитрий,customer168@example.com,Омск,2022-06-08,Loyal Customers,R3F5M4,85,16,2320.02,354,4759.16,145.0,2025-10-29 13:25:23.613598
CUST10169,Николаев Иван,customer169@example.com,Ростов-на-Дону,2022-10-13,Loyal Customers,R3F3M5,74,8,8091.49,335,23413.75,1011.44,2025-11-09 13:25:23.613598
CUST10170,Андреев Дмитрий,customer170@example.com,Нижний Новгород,2023-12-12,Potential Loyalists,R4F1M3,35,1,1886.12,413,3822.29,1886.12,2025-12-18 13:25:23.613598
CUST10171,Петров Алексей,customer171@example.com,Москва,2022-07-05,Champions,R5F5M5,19,19,6607.71,555,10821.03,347.77,2026-01-03 13:25:23.613598
CUST10172,Попов Алексей,customer172@example.com,Нижний Новгород,2023-06-28,Champions,R5F4M4,28,13,4256.34,544,8374.17,327.41,2025-12-25 13:25:23.613598
CUST10173,Иванов Алексей,customer173@example.com,Новосибирск,2022-11-29,Loyal Customers,R3F5M2,73,20,941.07,352,2476.58,47.05,2025-11-10 13:25:23.613598
CUST10174,Михайлов Сергей,customer174@example.com,Самара,2022-02-20,Potential Loyalists,R3F2M4,87,3,2793.82,324,6734.82,931.27,2025-10-27 13:25:23.613598
CUST10175,Петров Дмитрий,customer175@example.com,Челябинск,2023-03-01,Loyal Customers,R4F3M5,35,7,7573.94,435,12620.71,1081.99,2025-12-18 13:25:23.613598
CUST10176,Михайлов Дмитрий,customer176@example.com,Москва,2023-11-26,Loyal Customers,R3F5M4,87,19,4917.66,354,9003.15,258.82,2025-10-27 13:25:23.613598
CUST10177,Кузнецов Алексей,customer177@example.com,Казань,2023-09-06,Potential Loyalists,R5F1M4,8,1,2123.79,514,4107.77,2123.79,2026-01-14 13:25:23.613598
CUST10178,Сидоров Алексей,customer178@example.com,Челябинск,2022-05-03,Champions,R5F5M5,1,16,7495.44,555,17231.07,468.46,2026-01-21 13:25:23.613598
CUST10179,Федоров Дмитрий,customer179@example.com,Санкт-Петербург,2022-08-24,Loyal Customers,R3F5M5,65,18,8350.21,355,17498.75,463.9,2025-11-18 13:25:23.613598
CUST10180,Петров Дмитрий,customer180@example.com,Ростов-на-Дону,2022-02-13,Potential Loyalists,R4F1M4,56,1,4651.57,414,9972.62,4651.57,2025-11-27 13:25:23.613598
CUST10181,Васильев Иван,customer181@example.com,Нижний Новгород,2023-02-19,Loyal Customers,R3F4M4,82,14,2966.2,344,5214.02,211.87,2025-11-01 13:25:23.613598
CUST10182,Петров Алексей,customer182@example.com,Челябинск,2023-09-25,Loyal Customers,R4F4M2,59,12,972.49,442,2317.73,81.04,2025-11-24 13:25:23.613598
CUST10183,Андреев Дмитрий,customer183@example.com,Екатеринбург,2023-06-21,Champions,R5F4M5,11,13,8718.19,545,17432.92,670.63,2026-01-11 13:25:23.613598
CUST10184,Николаев Алексей,customer184@example.com,Нижний Новгород,2022-06-22,Champions,R5F5M5,10,17,6368.92,555,12907.58,374.64,2026-01-12 13:25:23.613598
CUST10185,Смирнов Алексей,customer185@example.com,Новосибирск,2023-10-23,Loyal Customers,R5F3M3,19,8,1117.76,533,2686.66,139.72,2026-01-03 13:25:23.613598
CUST10186,Михайлов Сергей,customer186@example.com,Самара,2023-11-03,Loyal Customers,R5F3M5,10,6,9517.79,535,25047.68,1586.3,2026-01-12 13:25:23.613598
CUST10187,Сергеев Дмитрий,customer187@example.com,Нижний Новгород,2023-08-17,Champions,R4F5M5,58,19,6465.62,455,11162.48,340.3,2025-11-25 13:25:23.613598
CUST10188,Федоров Дмитрий,customer188@example.com,Ростов-на-Дону,2022-03-11,Loyal Customers,R3F5M5,61,15,6350.71,355,10061.17,423.38,2025-11-22 13:25:23.613598
CUST10189,Иванов Иван,customer189@example.com,Нижний Новгород,2023-06-04,Champions,R5F4M4,10,10,4671.25,544,12834.47,467.13,2026-01-12 13:25:23.613598
CUST10190,Николаев Сергей,customer190@example.com,Самара,2022-03-20,Potential Loyalists,R3F2M5,83,3,6188.58,325,14670.0,2062.86,2025-10-31 13:25:23.613598
CUST10191,Попов Сергей,customer191@example.com,Омск,2022-02-12,Champions,R4F5M5,58,19,6553.19,455,11312.72,344.9,2025-11-25 13:25:23.613598
CUST10192,Попов Иван,customer192@example.com,Омск,2022-03-05,Potential Loyalists,R4F2M5,58,4,8128.57,425,20070.99,2032.14,2025-11-25 13:25:23.613598
CUST10193,Николаев Алексей,customer193@example.com,Нижний Новгород,2022-02-10,Champions,R4F5M5,32,15,9910.76,455,20409.01,660.72,2025-12-21 13:25:23.613598
CUST10194,Михайлов Иван,customer194@example.com,Нижний Новгород,2022-10-17,Champions,R4F4M5,50,14,7767.2,445,12418.73,554.8,2025-12-03 13:25:23.613598
CUST10195,Андреев Алексей,customer195@example.com,Нижний Новгород,2022-04-07,Loyal Customers,R3F4M4,72,13,2913.06,344,4725.71,224.08,2025-11-11 13:25:23.613598
CUST10196,Михайлов Сергей,customer196@example.com,Новосибирск,2023-11-11,Champions,R5F4M4,19,12,3171.29,544,7587.52,264.27,2026-01-03 13:25:23.613598
CUST10197,Федоров Дмитрий,customer197@example.com,Новосибирск,2022-03-28,Champions,R4F5M4,40,18,3829.13,454,9592.63,212.73,2025-12-13 13:25:23.613598
CUST10198,Васильев Дмитрий,customer198@example.com,Москва,2023-12-03,Potential Loyalists,R3F2M5,68,3,6495.65,325,13276.43,2165.22,2025-11-15 13:25:23.613598
CUST10199,Алексеев Алексей,customer199@example.com,Екатеринбург,2022-07-04,Champions,R5F4M5,28,11,9481.92,545,28445.42,861.99,2025-12-25 13:25:23.613598
CUST10200,Петров Иван,customer200@example.com,Нижний Новгород,2022-06-08,Champions,R5F4M5,10,10,8459.84,545,23810.98,845.98,2026-01-12 13:25:23.613598
CUST10201,Сидоров Алексей,customer201@example.com,Ростов-на-Дону,2023-09-25,Champions,R5F5M4,17,20,3829.53,554,10391.67,191.48,2026-01-05 13:25:23.613598
CUST10202,Михайлов Алексей,customer202@example.com,Самара,2022-06-19,Potential Loyalists,R4F2M4,57,2,4167.5,424,10068.24,2083.75,2025-11-26 13:25:23.613598
CUST10203,Федоров Сергей,customer203@example.com,Екатеринбург,2023-04-05,Champions,R5F5M4,30,18,2467.77,554,5063.27,137.1,2025-12-23 13:25:23.613598
CUST10204,Федоров Сергей,customer204@example.com,Омск,2023-08-08,Champions,R4F5M5,57,15,7717.44,455,17682.12,514.5,2025-11-26 13:25:23.613598
CUST10205,Смирнов Иван,customer205@example.com,Самара,2022-06-15,Loyal Customers,R5F5M3,26,20,1470.15,553,4132.84,73.51,2025-12-27 13:25:23.613598
CUST10206,Смирнов Иван,customer206@example.com,Новосибирск,2023-07-22,Champions,R5F5M5,14,17,8526.54,555,16278.77,501.56,2026-01-08 13:25:23.613598
CUST10207,Кузнецов Сергей,customer207@example.com,Нижний Новгород,2023-06-10,Loyal Customers,R5F4M3,19,14,1007.96,543,2918.77,72.0,2026-01-03 13:25:23.613598
CUST10208,Кузнецов Сергей,customer208@example.com,Санкт-Петербург,2023-03-01,Champions,R5F4M5,7,13,5069.87,545,10455.94,389.99,2026-01-15 13:25:23.613598
CUST10209,Михайлов Дмитрий,customer209@example.com,Новосибирск,2022-01-29,Potential Loyalists,R4F2M5,41,4,8407.85,425,14347.14,2101.96,2025-12-12 13:25:23.613598
CUST10210,Алексеев Сергей,customer210@example.com,Ростов-на-Дону,2022-10-21,Loyal Customers,R3F3M5,61,5,7612.53,335,11478.75,1522.51,2025-11-22 13:25:23.613598
CUST10211,Сидоров Сергей,customer211@example.com,Санкт-Петербург,2022-03-23,Loyal Customers,R5F3M4,3,9,2234.98,534,5954.57,248.33,2026-01-19 13:25:23.613598
CUST10212,Васильев Сергей,customer212@example.com,Санкт-Петербург,2022-09-01,Potential Loyalists,R4F2M2,39,4,572.72,422,954.32,143.18,2025-12-14 13:25:23.613598
CUST10213,Николаев Алексей,customer213@example.com,Новосибирск,2023-05-27,Loyal Customers,R3F5M1,77,18,262.71,351,508.85,14.59,2025-11-06 13:25:23.613598
CUST10214,Васильев Алексей,customer214@example.com,Санкт-Петербург,2022-01-02,Loyal Customers,R3F4M4,79,12,2481.59,344,5670.99,206.8,2025-11-04 13:25:23.613598
CUST10215,Федоров Иван,customer215@example.com,Челябинск,2023-01-05,Champions,R5F5M5,9,17,5486.41,555,15416.8,322.73,2026-01-13 13:25:23.613598
CUST10216,Смирнов Иван,customer216@example.com,Нижний Новгород,2022-02-14,Loyal Customers,R3F4M5,82,13,9812.29,345,26324.22,754.79,2025-11-01 13:25:23.613598
CUST10217,Андреев Дмитрий,customer217@example.com,Новосибирск,2022-12-20,Potential Loyalists,R4F2M5,31,4,7737.86,425,12121.39,1934.47,2025-12-22 13:25:23.613598
CUST10218,Михайлов Сергей,customer218@example.com,Самара,2023-07-14,Loyal Customers,R4F3M5,44,6,8320.8,435,20366.02,1386.8,2025-12-09 13:25:23.613598
CUST10219,Кузнецов Иван,customer219@example.com,Екатеринбург,2022-05-19,Loyal Customers,R5F5M1,9,15,466.14,551,1318.56,31.08,2026-01-13 13:25:23.613598
CUST10220,Николаев Сергей,customer220@example.com,Казань,2022-11-20,Champions,R4F5M4,40,17,4042.42,454,6285.68,237.79,2025-12-13 13:25:23.613598
CUST10221,Федоров Иван,customer221@example.com,Нижний Новгород,2023-10-25,Champions,R5F4M4,25,10,3634.04,544,6940.39,363.4,2025-12-28 13:25:23.613598
CUST10222,Васильев Дмитрий,customer222@example.com,Новосибирск,2023-01-12,Champions,R4F4M5,56,13,7458.75,445,16739.7,573.75,2025-11-27 13:25:23.613598
CUST10223,Петров Сергей,customer223@example.com,Санкт-Петербург,2023-05-25,Champions,R4F5M4,48,17,2740.53,454,5880.94,161.21,2025-12-05 13:25:23.613598
CUST10224,Петров Дмитрий,customer224@example.com,Казань,2022-07-04,Loyal Customers,R3F4M4,70,10,3279.99,344,6427.95,328.0,2025-11-13 13:25:23.613598
CUST10225,Попов Сергей,customer225@example.com,Москва,2023-09-10,Loyal Customers,R4F3M5,55,6,6928.67,435,17946.79,1154.78,2025-11-28 13:25:23.613598
CUST10226,Федоров Иван,customer226@example.com,Санкт-Петербург,2022-12-28,Loyal Customers,R3F4M4,79,14,2818.1,344,7064.34,201.29,2025-11-04 13:25:23.613598
CUST10227,Михайлов Алексей,customer227@example.com,Москва,2023-02-20,Champions,R4F5M5,47,17,8030.85,455,13766.24,472.4,2025-12-06 13:25:23.613598
CUST10228,Петров Алексей,customer228@example.com,Нижний Новгород,2023-09-15,Loyal Customers,R3F5M1,87,15,444.51,351,908.23,29.63,2025-10-27 13:25:23.613598
CUST10229,Алексеев Дмитрий,customer229@example.com,Нижний Новгород,2023-08-04,Loyal Customers,R5F5M3,5,20,1619.04,553,3506.69,80.95,2026-01-17 13:25:23.613598
CUST10230,Васильев Дмитрий,customer230@example.com,Казань,2022-03-20,Loyal Customers,R3F3M5,74,5,5341.65,335,10012.49,1068.33,2025-11-09 13:25:23.613598
CUST10231,Васильев Иван,customer231@example.com,Казань,2022-04-27,Loyal Customers,R5F3M5,4,6,5040.54,535,13420.16,840.09,2026-01-18 13:25:23.613598
CUST10232,Смирнов Сергей,customer232@example.com,Екатеринбург,2023-12-22,Loyal Customers,R4F3M5,58,7,9964.01,435,16778.96,1423.43,2025-11-25 13:25:23.613598
CUST10233,Алексеев Иван,customer233@example.com,Нижний Новгород,2022-03-17,Loyal Customers,R4F3M5,58,6,8996.92,435,22508.14,1499.49,2025-11-25 13:25:23.613598
CUST10234,Смирнов Алексей,customer234@example.com,Новосибирск,2023-12-28,Champions,R5F5M5,9,18,5467.5,555,14710.54,303.75,2026-01-13 13:25:23.613598
CUST10235,Федоров Алексей,customer235@example.com,Екатеринбург,2023-06-05,Potential Loyalists,R5F2M5,29,4,9852.81,525,26460.31,2463.2,2025-12-24 13:25:23.613598
CUST10236,Алексеев Алексей,customer236@example.com,Ростов-на-Дону,2022-01-27,Champions,R4F5M5,47,18,5765.55,455,16295.57,320.31,2025-12-06 13:25:23.613598
CUST10237,Андреев Сергей,customer237@example.com,Омск,2022-03-09,Champions,R4F4M5,40,13,9995.99,445,21153.44,768.92,2025-12-13 13:25:23.613598
CUST10238,Попов Иван,customer238@example.com,Самара,2023-02-24,Potential Loyalists,R3F2M3,74,3,1340.74,323,2947.94,446.91,2025-11-09 13:25:23.613598
CUST10239,Федоров Алексей,customer239@example.com,Новосибирск,2023-06-14,Loyal Customers,R4F3M5,45,5,8791.81,435,18892.95,1758.36,2025-12-08 13:25:23.613598
CUST10240,Сидоров Алексей,customer240@example.com,Нижний Новгород,2022-02-26,Loyal Customers,R5F5M3,16,17,1614.85,553,4686.48,94.99,2026-01-06 13:25:23.613598
CUST10241,Петров Дмитрий,customer241@example.com,Екатеринбург,2022-08-19,Champions,R4F5M5,45,17,8959.77,455,21974.59,527.05,2025-12-08 13:25:23.613598
CUST10242,Сергеев Иван,customer242@example.com,Омск,2023-07-19,Loyal Customers,R4F3M5,36,5,6287.72,435,15477.11,1257.54,2025-12-17 13:25:23.613598
CUST10243,Сергеев Дмитрий,customer243@example.com,Ростов-на-Дону,2023-08-30,Loyal Customers,R3F3M3,75,5,1794.89,333,2803.24,358.98,2025-11-08 13:25:23.613598
CUST10244,Федоров Дмитрий,customer244@example.com,Екатеринбург,2022-01-30,Potential Loyalists,R5F2M5,11,2,9490.61,525,25154.29,4745.31,2026-01-11 13:25:23.613598
CUST10245,Михайлов Дмитрий,customer245@example.com,Казань,2023-03-03,Potential Loyalists,R3F1M5,80,1,5030.58,315,11190.1,5030.58,2025-11-03 13:25:23.613598
CUST10246,Андреев Иван,customer246@example.com,Новосибирск,2023-12-03,Champions,R4F4M4,52,10,4590.09,444,9911.87,459.01,2025-12-01 13:25:23.613598
CUST10247,Сидоров Дмитрий,customer247@example.com,Нижний Новгород,2023-05-11,Loyal Customers,R4F3M4,60,7,3467.91,434,9021.06,495.42,2025-11-23 13:25:23.613598
CUST10248,Николаев Иван,customer248@example.com,Нижний Новгород,2022-12-20,Loyal Customers,R4F3M5,52,5,7630.58,435,14212.78,1526.12,2025-12-01 13:25:23.613598
CUST10249,Петров Иван,customer249@example.com,Казань,2022-05-06,Champions,R4F5M4,35,15,2554.4,454,7453.93,170.29,2025-12-18 13:25:23.613598
CUST10250,Сидоров Дмитрий,customer250@example.com,Ростов-на-Дону,2023-09-23,Loyal Customers,R4F3M5,54,8,9630.59,435,24863.22,1203.82,2025-11-29 13:25:23.613598
CUST10251,Алексеев Сергей,customer251@example.com,Казань,2022-07-14,Champions,R5F5M5,21,16,9960.1,555,22370.93,622.51,2026-01-01 13:25:23.613598
CUST10252,Кузнецов Алексей,customer252@example.com,Ростов-на-Дону,2022-04-03,Champions,R4F5M4,51,17,4626.58,454,9388.92,272.15,2025-12-02 13:25:23.613598
CUST10253,Михайлов Сергей,customer253@example.com,Казань,2022-02-21,Champions,R4F5M5,37,16,6015.44,455,13865.8,375.96,2025-12-16 13:25:23.613598
CUST10254,Андреев Дмитрий,customer254@example.com,Челябинск,2022-04-21,Loyal Customers,R4F3M5,56,5,8836.31,435,18104.77,1767.26,2025-11-27 13:25:23.613598
CUST10255,Попов Дмитрий,customer255@example.com,Санкт-Петербург,2023-02-15,Champions,R5F5M5,7,19,5661.99,555,11774.23,298.0,2026-01-15 13:25:23.613598
CUST10256,Сергеев Иван,customer256@example.com,Новосибирск,2023-04-07,Loyal Customers,R3F3M5,71,9,8270.58,335,24502.63,918.95,2025-11-12 13:25:23.613598
CUST10257,Попов Алексей,customer257@example.com,Екатеринбург,2023-02-08,Champions,R4F4M5,48,11,5622.54,445,13514.86,511.14,2025-12-05 13:25:23.613598
CUST10258,Сидоров Дмитрий,customer258@example.com,Самара,2023-02-16,Potential Loyalists,R3F2M2,65,2,548.5,322,1250.04,274.25,2025-11-18 13:25:23.613598
CUST10259,Сергеев Дмитрий,customer259@example.com,Новосибирск,2022-06-02,Loyal Customers,R3F5M3,78,17,1483.83,353,3100.37,87.28,2025-11-05 13:25:23.613598
CUST10260,Николаев Сергей,customer260@example.com,Ростов-на-Дону,2023-09-24,Champions,R4F5M4,39,19,3430.1,454,6687.61,180.53,2025-12-14 13:25:23.613598
CUST10261,Васильев Дмитрий,customer261@example.com,Москва,2022-01-18,Champions,R4F4M5,48,11,6770.68,445,16218.25,615.52,2025-12-05 13:25:23.613598
CUST10262,Андреев Иван,customer262@example.com,Ростов-на-Дону,2022-09-29,Loyal Customers,R3F5M5,84,19,5818.58,355,12921.17,306.24,2025-10-30 13:25:23.613598
CUST10263,Васильев Алексей,customer263@example.com,Екатеринбург,2023-06-21,Loyal Customers,R3F5M5,81,20,7768.6,355,12020.79,388.43,2025-11-02 13:25:23.613598
CUST10264,Попов Сергей,customer264@example.com,Новосибирск,2023-12-19,Loyal Customers,R5F3M1,15,7,287.48,531,609.3,41.07,2026-01-07 13:25:23.613598
CUST10265,Алексеев Иван,customer265@example.com,Новосибирск,2022-07-28,Champions,R4F5M5,53,17,7772.23,455,17705.32,457.19,2025-11-30 13:25:23.613598
CUST10266,Попов Алексей,customer266@example.com,Самара,2023-07-29,Champions,R4F5M5,42,16,5302.22,455,15207.77,331.39,2025-12-11 13:25:23.613598
CUST10267,Андреев Дмитрий,customer267@example.com,Ростов-на-Дону,2022-12-17,Loyal Customers,R3F4M5,70,12,6791.1,345,15118.82,565.92,2025-11-13 13:25:23.613598
CUST10268,Смирнов Дмитрий,customer268@example.com,Екатеринбург,2022-09-10,Champions,R4F5M4,36,18,3055.14,454,7745.88,169.73,2025-12-17 13:25:23.613598
CUST10269,Федоров Дмитрий,customer269@example.com,Казань,2023-05-16,Champions,R4F5M4,41,16,3553.15,454,5979.28,222.07,2025-12-12 13:25:23.613598
CUST10270,Васильев Дмитрий,customer270@example.com,Новосибирск,2023-11-24,Loyal Customers,R3F4M5,70,13,8968.03,345,17359.22,689.85,2025-11-13 13:25:23.613598
CUST10271,Михайлов Дмитрий,customer271@example.com,Самара,2022-10-22,Champions,R5F4M5,11,12,9247.7,545,16839.87,770.64,2026-01-11 13:25:23.613598
CUST10272,Сидоров Иван,customer272@example.com,Ростов-на-Дону,2023-07-06,Champions,R4F5M5,35,18,6992.1,455,18258.71,388.45,2025-12-18 13:25:23.613598
CUST10273,Николаев Алексей,customer273@example.com,Екатеринбург,2022-09-03,Potential Loyalists,R4F2M5,32,2,6731.36,425,10627.04,3365.68,2025-12-21 13:25:23.613598
CUST10274,Федоров Алексей,customer274@example.com,Москва,2023-02-28,Loyal Customers,R4F5M3,43,16,1095.39,453,3227.88,68.46,2025-12-10 13:25:23.613598
CUST10275,Кузнецов Дмитрий,customer275@example.com,Нижний Новгород,2022-06-11,Champions,R4F5M4,53,16,4826.74,454,9306.55,301.67,2025-11-30 13:25:23.613598
CUST10276,Андреев Иван,customer276@example.com,Новосибирск,2022-03-02,Champions,R5F5M4,12,19,2398.98,554,5102.22,126.26,2026-01-10 13:25:23.613598
CUST10277,Сидоров Дмитрий,customer277@example.com,Москва,2022-06-30,Champions,R5F4M5,5,13,7900.81,545,11961.04,607.75,2026-01-17 13:25:23.613598
CUST10278,Попов Дмитрий,customer278@example.com,Самара,2023-08-05,Potential Loyalists,R3F2M5,78,4,9291.7,325,27723.18,2322.93,2025-11-05 13:25:23.613598
CUST10279,Сидоров Сергей,customer279@example.com,Казань,2023-07-11,Loyal Customers,R3F5M5,68,16,8903.67,355,15930.61,556.48,2025-11-15 13:25:23.613598
CUST10280,Михайлов Дмитрий,customer280@example.com,Новосибирск,2022-04-26,Loyal Customers,R4F3M5,43,6,7338.08,435,11162.15,1223.01,2025-12-10 13:25:23.613598
CUST10281,Кузнецов Алексей,customer281@example.com,Ростов-на-Дону,2022-12-12,Champions,R4F5M5,38,19,6776.57,455,18867.46,356.66,2025-12-15 13:25:23.613598
CUST10282,Васильев Иван,customer282@example.com,Новосибирск,2023-02-20,Champions,R4F5M4,55,17,3346.47,454,9947.49,196.85,2025-11-28 13:25:23.613598
CUST10283,Васильев Алексей,customer283@example.com,Самара,2023-05-04,Loyal Customers,R4F3M1,42,8,167.62,431,440.94,20.95,2025-12-11 13:25:23.613598
CUST10284,Иванов Дмитрий,customer284@example.com,Нижний Новгород,2022-12-04,Champions,R4F5M5,39,19,7256.54,455,18425.46,381.92,2025-12-14 13:25:23.613598
CUST10285,Сидоров Сергей,customer285@example.com,Омск,2022-03-05,Potential Loyalists,R3F2M4,86,4,4707.41,324,13579.27,1176.85,2025-10-28 13:25:23.613598
CUST10286,Смирнов Дмитрий,customer286@example.com,Ростов-на-Дону,2023-12-22,Potential Loyalists,R4F2M5,40,4,6423.24,425,11762.72,1605.81,2025-12-13 13:25:23.613598
CUST10287,Сергеев Дмитрий,customer287@example.com,Челябинск,2022-05-17,Loyal Customers,R3F3M4,62,5,4604.29,334,11754.34,920.86,2025-11-21 13:25:23.613598
CUST10288,Михайлов Иван,customer288@example.com,Омск,2023-04-28,Loyal Customers,R3F3M5,69,7,7642.41,335,16584.96,1091.77,2025-11-14 13:25:23.613598
CUST10289,Петров Иван,customer289@example.com,Омск,2023-12-22,Potential Loyalists,R4F2M5,47,3,9180.72,425,26204.83,3060.24,2025-12-06 13:25:23.613598
CUST10290,Попов Сергей,customer290@example.com,Санкт-Петербург,2022-07-27,Loyal Customers,R3F5M3,74,18,1583.54,353,3991.22,87.97,2025-11-09 13:25:23.613598
CUST10291,Алексеев Иван,customer291@example.com,Самара,2023-08-21,Potential Loyalists,R3F2M5,63,3,8999.0,325,15279.56,2999.67,2025-11-20 13:25:23.613598
CUST10292,Алексеев Дмитрий,customer292@example.com,Москва,2023-03-02,Loyal Customers,R4F5M2,59,19,671.59,452,1406.27,35.35,2025-11-24 13:25:23.613598
CUST10293,Васильев Дмитрий,customer293@example.com,Санкт-Петербург,2022-01-04,Loyal Customers,R5F5M2,28,19,822.99,552,1902.55,43.32,2025-12-25 13:25:23.613598
CUST10294,Васильев Алексей,customer294@example.com,Новосибирск,2022-03-03,Loyal Customers,R5F5M1,9,16,414.18,551,1097.04,25.89,2026-01-13 13:25:23.613598
CUST10295,Васильев Сергей,customer295@example.com,Челябинск,2023-10-24,Champions,R4F4M5,54,12,9929.28,445,20488.76,827.44,2025-11-29 13:25:23.613598
CUST10296,Попов Иван,customer296@example.com,Новосибирск,2023-12-01,Loyal Customers,R3F5M3,85,18,1416.6,353,4234.6,78.7,2025-10-29 13:25:23.613598
CUST10297,Кузнецов Иван,customer297@example.com,Москва,2023-02-07,Loyal Customers,R3F3M5,68,5,7305.8,335,21681.67,1461.16,2025-11-15 13:25:23.613598
CUST10298,Васильев Алексей,customer298@example.com,Екатеринбург,2023-04-20,Loyal Customers,R3F5M4,87,18,4298.87,354,9418.55,238.83,2025-10-27 13:25:23.613598
CUST10299,Андреев Иван,customer299@example.com,Москва,2022-06-08,Loyal Customers,R4F3M5,36,7,9380.36,435,25460.34,1340.05,2025-12-17 13:25:23.613598
CUST10300,Петров Иван,customer300@example.com,Ростов-на-Дону,2023-03-06,Potential Loyalists,R3F1M4,79,1,2482.6,314,3848.93,2482.6,2025-11-04 13:25:23.613598
CUST10301,Иванов Сергей,customer301@example.com,Самара,2023-09-05,Potential Loyalists,R3F2M4,87,2,2522.87,324,4671.11,1261.43,2025-10-27 13:25:23.613598
CUST10302,Смирнов Алексей,customer302@example.com,Ростов-на-Дону,2022-08-11,Loyal Customers,R5F3M5,8,5,5088.57,535,10067.0,1017.71,2026-01-14 13:25:23.613598
CUST10303,Сидоров Алексей,customer303@example.com,Челябинск,2023-09-05,Loyal Customers,R3F4M4,87,11,2445.35,344,4770.27,222.3,2025-10-27 13:25:23.613598
CUST10304,Сидоров Сергей,customer304@example.com,Омск,2022-03-04,Loyal Customers,R3F5M5,72,19,8809.17,355,19762.76,463.64,2025-11-11 13:25:23.613598
CUST10305,Попов Сергей,customer305@example.com,Челябинск,2022-12-19,Loyal Customers,R3F4M5,83,13,7879.47,345,13582.83,606.11,2025-10-31 13:25:23.613598
CUST10306,Кузнецов Дмитрий,customer306@example.com,Новосибирск,2023-01-21,Champions,R5F5M4,24,18,4787.84,554,12968.64,265.99,2025-12-29 13:25:23.613598
CUST10307,Николаев Алексей,customer307@example.com,Челябинск,2022-03-01,Loyal Customers,R3F4M5,72,14,9681.08,345,18048.33,691.51,2025-11-11 13:25:23.613598
CUST10308,Попов Иван,customer308@example.com,Омск,2022-07-28,Potential Loyalists,R4F2M5,43,3,9230.04,425,23876.97,3076.68,2025-12-10 13:25:23.613598
CUST10309,Сергеев Иван,customer309@example.com,Санкт-Петербург,2022-07-15,Loyal Customers,R5F3M4,7,9,3833.96,534,6833.06,426.0,2026-01-15 13:25:23.613598
CUST10310,Кузнецов Дмитрий,customer310@example.com,Казань,2023-08-25,Loyal Customers,R3F5M4,86,18,2248.46,354,6600.43,124.91,2025-10-28 13:25:23.613598
CUST10311,Петров Сергей,customer311@example.com,Екатеринбург,2022-01-16,Loyal Customers,R5F3M5,28,7,9624.57,535,24479.51,1374.94,2025-12-25 13:25:23.613598
CUST10312,Николаев Дмитрий,customer312@example.com,Казань,2023-12-22,Champions,R5F4M5,27,13,9159.75,545,18969.78,704.6,2025-12-26 13:25:23.613598
CUST10313,Попов Сергей,customer313@example.com,Самара,2023-07-01,Loyal Customers,R3F4M4,84,12,3153.38,344,5196.49,262.78,2025-10-30 13:25:23.613598
CUST10314,Васильев Иван,customer314@example.com,Ростов-на-Дону,2023-04-26,Loyal Customers,R4F3M4,41,7,3769.98,434,10541.34,538.57,2025-12-12 13:25:23.613598
CUST10315,Сергеев Сергей,customer315@example.com,Казань,2022-05-30,Loyal Customers,R5F3M5,3,9,5577.78,535,9641.85,619.75,2026-01-19 13:25:23.613598
CUST10316,Кузнецов Сергей,customer316@example.com,Омск,2022-12-04,Champions,R5F4M5,30,13,5740.92,545,14248.45,441.61,2025-12-23 13:25:23.613598
CUST10317,Алексеев Сергей,customer317@example.com,Самара,2023-12-03,Loyal Customers,R4F3M5,44,9,7657.27,435,13418.22,850.81,2025-12-09 13:25:23.613598
CUST10318,Алексеев Алексей,customer318@example.com,Омск,2022-12-27,Loyal Customers,R5F3M5,22,5,7231.1,535,21588.35,1446.22,2025-12-31 13:25:23.613598
CUST10319,Петров Иван,customer319@example.com,Москва,2022-03-02,Potential Loyalists,R3F2M5,68,2,8406.78,325,17810.5,4203.39,2025-11-15 13:25:23.613598
CUST10320,Иванов Алексей,customer320@example.com,Омск,2023-10-08,Potential Loyalists,R5F2M5,30,3,7100.98,525,15508.64,2366.99,2025-12-23 13:25:23.613598
CUST10321,Михайлов Сергей,customer321@example.com,Москва,2022-03-03,Loyal Customers,R3F5M5,80,20,9136.24,355,13794.98,456.81,2025-11-03 13:25:23.613598
CUST10322,Андреев Дмитрий,customer322@example.com,Омск,2023-07-19,Potential Loyalists,R4F1M1,53,1,265.59,411,787.79,265.59,2025-11-30 13:25:23.613598
CUST10323,Сидоров Иван,customer323@example.com,Санкт-Петербург,2022-01-18,Loyal Customers,R3F4M5,65,14,8081.06,345,18477.98,577.22,2025-11-18 13:25:23.613598
CUST10324,Попов Дмитрий,customer324@example.com,Челябинск,2022-09-04,Champions,R5F5M5,25,20,5311.91,555,8597.49,265.6,2025-12-28 13:25:23.613598
CUST10325,Андреев Алексей,customer325@example.com,Казань,2023-02-20,Champions,R4F5M4,59,19,2507.76,454,6334.75,131.99,2025-11-24 13:25:23.613598
CUST10326,Васильев Сергей,customer326@example.com,Омск,2022-03-24,Potential Loyalists,R3F2M3,84,2,1025.66,323,2270.81,512.83,2025-10-30 13:25:23.613598
CUST10327,Васильев Дмитрий,customer327@example.com,Ростов-на-Дону,2023-10-15,Loyal Customers,R5F3M2,2,6,918.59,532,2724.54,153.1,2026-01-20 13:25:23.613598
CUST10328,Андреев Сергей,customer328@example.com,Казань,2022-04-08,Potential Loyalists,R3F2M4,68,2,2374.69,324,3727.89,1187.34,2025-11-15 13:25:23.613598
CUST10329,Сергеев Иван,customer329@example.com,Новосибирск,2022-03-18,Loyal Customers,R3F3M5,88,9,9003.19,335,26047.56,1000.35,2025-10-26 13:25:23.613598
CUST10330,Федоров Сергей,customer330@example.com,Санкт-Петербург,2022-11-19,Loyal Customers,R5F3M5,3,7,5911.66,535,11521.32,844.52,2026-01-19 13:25:23.613598
CUST10331,Васильев Дмитрий,customer331@example.com,Челябинск,2023-08-01,Champions,R4F5M5,31,19,8363.04,455,22023.35,440.16,2025-12-22 13:25:23.613598
CUST10332,Попов Иван,customer332@example.com,Санкт-Петербург,2022-05-24,Potential Loyalists,R3F2M5,89,3,5057.85,325,10902.86,1685.95,2025-10-25 13:25:23.613598
CUST10333,Сергеев Сергей,customer333@example.com,Нижний Новгород,2022-03-19,Champions,R4F5M5,44,20,7713.16,455,11912.49,385.66,2025-12-09 13:25:23.613598
CUST10334,Николаев Сергей,customer334@example.com,Челябинск,2022-10-07,Champions,R4F5M4,58,16,2358.57,454,4194.97,147.41,2025-11-25 13:25:23.613598
CUST10335,Сергеев Дмитрий,customer335@example.com,Екатеринбург,2023-08-23,Loyal Customers,R3F4M2,85,13,948.37,342,2437.0,72.95,2025-10-29 13:25:23.613598
CUST10336,Федоров Алексей,customer336@example.com,Челябинск,2022-03-26,Loyal Customers,R4F3M4,35,5,3862.0,434,7627.52,772.4,2025-12-18 13:25:23.613598
CUST10337,Алексеев Дмитрий,customer337@example.com,Казань,2022-04-20,Potential Loyalists,R5F1M5,12,1,9435.31,515,15599.84,9435.31,2026-01-10 13:25:23.613598
CUST10338,Николаев Сергей,customer338@example.com,Санкт-Петербург,2022-03-31,Champions,R5F4M4,24,14,4543.55,544,6994.31,324.54,2025-12-29 13:25:23.613598
CUST10339,Федоров Дмитрий,customer339@example.com,Челябинск,2022-12-29,Potential Loyalists,R3F2M5,71,3,6009.55,325,9125.57,2003.18,2025-11-12 13:25:23.613598
CUST10340,Николаев Алексей,customer340@example.com,Ростов-на-Дону,2023-02-28,Potential Loyalists,R4F2M5,50,3,7275.95,425,16601.23,2425.32,2025-12-03 13:25:23.613598
CUST10341,Смирнов Дмитрий,customer341@example.com,Самара,2023-12-03,Loyal Customers,R4F3M3,49,6,1474.52,433,2534.55,245.75,2025-12-04 13:25:23.613598
CUST10342,Алексеев Иван,customer342@example.com,Нижний Новгород,2022-06-21,Loyal Customers,R4F3M4,56,9,4268.91,434,8015.1,474.32,2025-11-27 13:25:23.613598
CUST10343,Кузнецов Сергей,customer343@example.com,Санкт-Петербург,2022-09-10,Loyal Customers,R3F5M5,81,16,5978.68,355,10183.1,373.67,2025-11-02 13:25:23.613598
CUST10344,Васильев Дмитрий,customer344@example.com,Самара,2022-01-07,Champions,R4F4M5,51,11,8431.97,445,16881.69,766.54,2025-12-02 13:25:23.613598
CUST10345,Сергеев Алексей,customer345@example.com,Самара,2023-10-29,Loyal Customers,R3F3M4,77,5,3074.31,334,6060.31,614.86,2025-11-06 13:25:23.613598
CUST10346,Михайлов Сергей,customer346@example.com,Ростов-на-Дону,2023-02-12,Champions,R4F4M5,41,10,7375.26,445,19713.78,737.53,2025-12-12 13:25:23.613598
CUST10347,Васильев Дмитрий,customer347@example.com,Санкт-Петербург,2022-11-30,Loyal Customers,R4F3M5,49,9,8183.3,435,23716.02,909.26,2025-12-04 13:25:23.613598
CUST10348,Федоров Иван,customer348@example.com,Самара,2022-07-24,Loyal Customers,R3F5M3,76,18,1881.28,353,5482.92,104.52,2025-11-07 13:25:23.613598
CUST10349,Петров Сергей,customer349@example.com,Самара,2022-08-03,Champions,R4F4M5,57,10,8329.69,445,14233.51,832.97,2025-11-26 13:25:23.613598
CUST10350,Андреев Сергей,customer350@example.com,Челябинск,2022-11-07,Loyal Customers,R4F3M5,31,9,6620.76,435,10665.7,735.64,2025-12-22 13:25:23.613598
CUST10351,Николаев Сергей,customer351@example.com,Омск,2023-09-05,Loyal Customers,R3F5M4,62,19,4067.97,354,6326.3,214.1,2025-11-21 13:25:23.613598
CUST10352,Петров Иван,customer352@example.com,Екатеринбург,2023-01-04,Loyal Customers,R3F5M5,90,18,5978.82,355,14865.75,332.16,2025-10-24 13:25:23.613598
CUST10353,Михайлов Сергей,customer353@example.com,Нижний Новгород,2022-12-30,Loyal Customers,R5F5M2,22,20,538.54,552,1587.92,26.93,2025-12-31 13:25:23.613598
CUST10354,Кузнецов Алексей,customer354@example.com,Самара,2023-03-17,Potential Loyalists,R5F1M3,14,1,1076.2,513,2218.25,1076.2,2026-01-08 13:25:23.613598
CUST10355,Сидоров Дмитрий,customer355@example.com,Москва,2023-04-20,Loyal Customers,R3F5M5,87,19,6935.33,355,15425.26,365.02,2025-10-27 13:25:23.613598
CUST10356,Андреев Алексей,customer356@example.com,Нижний Новгород,2022-10-30,Potential Loyalists,R4F2M3,54,3,1249.09,423,2458.0,416.36,2025-11-29 13:25:23.613598
CUST10357,Алексеев Иван,customer357@example.com,Самара,2023-04-12,Champions,R5F5M4,27,17,4880.97,554,12607.49,287.12,2025-12-26 13:25:23.613598
CUST10358,Федоров Иван,customer358@example.com,Москва,2023-04-09,Potential Loyalists,R4F2M4,41,3,3072.61,424,8522.73,1024.2,2025-12-12 13:25:23.613598
CUST10359,Андреев Алексей,customer359@example.com,Омск,2023-10-26,Loyal Customers,R5F3M5,14,6,9306.23,535,16394.6,1551.04,2026-01-08 13:25:23.613598
CUST10360,Алексеев Алексей,customer360@example.com,Челябинск,2022-06-13,Champions,R4F5M4,43,18,4321.06,454,10563.43,240.06,2025-12-10 13:25:23.613598
CUST10361,Андреев Алексей,customer361@example.com,Самара,2022-07-10,Loyal Customers,R3F4M4,82,14,4016.27,344,9592.07,286.88,2025-11-01 13:25:23.613598
CUST10362,Федоров Иван,customer362@example.com,Ростов-на-Дону,2023-02-03,Loyal Customers,R5F3M4,1,7,2137.27,534,3532.11,305.32,2026-01-21 13:25:23.613598
CUST10363,Алексеев Иван,customer363@example.com,Казань,2023-07-04,Champions,R5F4M4,24,12,3327.25,544,8338.26,277.27,2025-12-29 13:25:23.613598
CUST10364,Сергеев Сергей,customer364@example.com,Ростов-на-Дону,2023-05-17,Loyal Customers,R3F4M5,68,11,6010.01,345,10044.82,546.36,2025-11-15 13:25:23.613598
CUST10365,Михайлов Дмитрий,customer365@example.com,Ростов-на-Дону,2022-12-27,Loyal Customers,R4F5M3,59,20,1808.02,453,4312.59,90.4,2025-11-24 13:25:23.613598
CUST10366,Смирнов Иван,customer366@example.com,Новосибирск,2023-11-20,Loyal Customers,R5F4M3,18,11,1266.83,543,2609.62,115.17,2026-01-04 13:25:23.613598
CUST10367,Сидоров Сергей,customer367@example.com,Челябинск,2022-05-25,Loyal Customers,R3F4M4,66,13,4240.57,344,7542.4,326.2,2025-11-17 13:25:23.613598
CUST10368,Алексеев Дмитрий,customer368@example.com,Новосибирск,2023-10-13,Loyal Customers,R3F3M5,69,6,5593.63,335,9960.29,932.27,2025-11-14 13:25:23.613598
CUST10369,Иванов Сергей,customer369@example.com,Новосибирск,2023-04-07,Potential Loyalists,R3F2M5,80,2,8668.67,325,15540.26,4334.34,2025-11-03 13:25:23.613598
CUST10370,Васильев Сергей,customer370@example.com,Челябинск,2023-01-29,Loyal Customers,R3F5M5,72,17,6565.39,355,16841.63,386.2,2025-11-11 13:25:23.613598
CUST10371,Иванов Алексей,customer371@example.com,Казань,2023-03-31,Loyal Customers,R3F3M2,63,6,918.44,332,1422.7,153.07,2025-11-20 13:25:23.613598
CUST10372,Алексеев Сергей,customer372@example.com,Омск,2022-08-19,Loyal Customers,R3F4M3,69,10,1765.27,343,4000.47,176.53,2025-11-14 13:25:23.613598
CUST10373,Попов Иван,customer373@example.com,Самара,2023-08-10,Loyal Customers,R5F3M5,15,9,7773.62,535,18031.14,863.74,2026-01-07 13:25:23.613598
CUST10374,Иванов Сергей,customer374@example.com,Казань,2023-03-12,Loyal Customers,R5F3M4,14,8,3047.32,534,6164.32,380.91,2026-01-08 13:25:23.613598
CUST10375,Кузнецов Алексей,customer375@example.com,Ростов-на-Дону,2022-03-31,Potential Loyalists,R4F2M5,57,4,7778.75,425,19709.03,1944.69,2025-11-26 13:25:23.613598
CUST10376,Сидоров Алексей,customer376@example.com,Екатеринбург,2023-12-29,Loyal Customers,R3F4M3,79,14,1743.22,343,4720.91,124.52,2025-11-04 13:25:23.613598
CUST10377,Николаев Алексей,customer377@example.com,Нижний Новгород,2023-08-07,Champions,R4F5M4,45,18,2882.74,454,8557.42,160.15,2025-12-08 13:25:23.613598
CUST10378,Николаев Иван,customer378@example.com,Новосибирск,2022-10-27,Champions,R4F5M4,38,19,2746.7,454,8086.71,144.56,2025-12-15 13:25:23.613598
CUST10379,Сидоров Алексей,customer379@example.com,Екатеринбург,2023-02-26,Loyal Customers,R5F3M5,8,9,8683.77,535,14930.57,964.86,2026-01-14 13:25:23.613598
CUST10380,Сергеев Дмитрий,customer380@example.com,Челябинск,2022-11-26,Champions,R4F4M4,32,13,4945.64,444,10201.66,380.43,2025-12-21 13:25:23.613598
CUST10381,Андреев Дмитрий,customer381@example.com,Нижний Новгород,2022-03-19,Potential Loyalists,R3F2M4,82,3,4088.22,324,8920.68,1362.74,2025-11-01 13:25:23.613598
CUST10382,Федоров Иван,customer382@example.com,Самара,2023-05-15,Loyal Customers,R4F5M1,42,19,124.48,451,305.27,6.55,2025-12-11 13:25:23.613598
CUST10383,Васильев Алексей,customer383@example.com,Челябинск,2023-12-16,Potential Loyalists,R4F2M5,46,3,7977.21,425,21835.79,2659.07,2025-12-07 13:25:23.613598
CUST10384,Попов Алексей,customer384@example.com,Ростов-на-Дону,2023-05-22,Champions,R4F4M5,35,11,8300.6,445,23064.33,754.6,2025-12-18 13:25:23.613598
CUST10385,Михайлов Сергей,customer385@example.com,Москва,2022-12-18,Potential Loyalists,R3F2M2,88,2,554.83,322,935.65,277.42,2025-10-26 13:25:23.613598
CUST10386,Васильев Алексей,customer386@example.com,Новосибирск,2022-06-11,Loyal Customers,R4F5M1,57,15,106.69,451,301.21,7.11,2025-11-26 13:25:23.613598
CUST10387,Попов Дмитрий,customer387@example.com,Санкт-Петербург,2022-11-06,Loyal Customers,R5F3M3,21,9,1024.07,533,2107.29,113.79,2026-01-01 13:25:23.613598
CUST10388,Смирнов Алексей,customer388@example.com,Челябинск,2023-10-27,Potential Loyalists,R5F2M4,22,2,4023.78,524,9991.97,2011.89,2025-12-31 13:25:23.613598
CUST10389,Петров Алексей,customer389@example.com,Ростов-на-Дону,2023-12-22,Potential Loyalists,R5F1M4,13,1,2212.87,514,4070.1,2212.87,2026-01-09 13:25:23.613598
CUST10390,Попов Иван,customer390@example.com,Челябинск,2023-11-28,Potential Loyalists,R4F1M1,57,1,179.82,411,456.93,179.82,2025-11-26 13:25:23.613598
CUST10391,Андреев Иван,customer391@example.com,Санкт-Петербург,2023-05-05,Loyal Customers,R5F3M4,10,8,3892.39,534,7668.12,486.55,2026-01-12 13:25:23.613598
CUST10392,Федоров Алексей,customer392@example.com,Новосибирск,2022-11-03,Champions,R5F4M5,18,13,7757.26,545,12431.92,596.71,2026-01-04 13:25:23.613598
CUST10393,Алексеев Дмитрий,customer393@example.com,Екатеринбург,2023-07-31,Champions,R5F5M5,2,20,6535.2,555,15959.74,326.76,2026-01-20 13:25:23.613598
CUST10394,Кузнецов Иван,customer394@example.com,Санкт-Петербург,2022-06-05,Champions,R4F5M5,53,20,6897.01,455,11794.01,344.85,2025-11-30 13:25:23.613598
CUST10395,Васильев Дмитрий,customer395@example.com,Новосибирск,2022-05-07,Loyal Customers,R3F4M4,76,13,3580.2,344,6700.99,275.4,2025-11-07 13:25:23.613598
CUST10396,Сергеев Дмитрий,customer396@example.com,Москва,2023-10-23,Loyal Customers,R5F3M5,11,8,5578.63,535,15463.05,697.33,2026-01-11 13:25:23.613598
CUST10397,Николаев Алексей,customer397@example.com,Челябинск,2023-11-06,Loyal Customers,R4F3M5,39,7,5225.72,435,10155.2,746.53,2025-12-14 13:25:23.613598
CUST10398,Кузнецов Сергей,customer398@example.com,Ростов-на-Дону,2022-02-25,Champions,R4F5M4,31,16,3920.27,454,6297.98,245.02,2025-12-22 13:25:23.613598
CUST10399,Сергеев Сергей,customer399@example.com,Нижний Новгород,2022-01-13,Loyal Customers,R4F4M3,47,11,1406.63,443,3262.73,127.88,2025-12-06 13:25:23.613598
CUST10400,Петров Иван,customer400@example.com,Казань,2022-06-26,Potential Loyalists,R3F2M1,61,3,265.23,321,483.67,88.41,2025-11-22 13:25:23.613598
CUST10401,Андреев Сергей,customer401@example.com,Челябинск,2022-03-03,Champions,R4F5M4,51,17,2936.23,454,7495.36,172.72,2025-12-02 13:25:23.613598
CUST10402,Сидоров Дмитрий,customer402@example.com,Санкт-Петербург,2022-03-26,Loyal Customers,R3F5M5,82,18,5422.79,355,10655.02,301.27,2025-11-01 13:25:23.613598
CUST10403,Васильев Иван,customer403@example.com,Казань,2023-06-08,Loyal Customers,R5F3M5,27,5,5410.26,535,13785.42,1082.05,2025-12-26 13:25:23.613598
CUST10404,Васильев Иван,customer404@example.com,Самара,2022-09-02,Loyal Customers,R5F3M2,8,8,953.51,532,2306.0,119.19,2026-01-14 13:25:23.613598
CUST10405,Андреев Алексей,customer405@example.com,Москва,2022-02-26,Loyal Customers,R4F3M3,40,6,1282.49,433,2238.9,213.75,2025-12-13 13:25:23.613598
CUST10406,Андреев Дмитрий,customer406@example.com,Новосибирск,2022-12-22,Loyal Customers,R3F5M5,67,17,7851.57,355,16157.0,461.86,2025-11-16 13:25:23.613598
CUST10407,Васильев Дмитрий,customer407@example.com,Омск,2022-10-03,Potential Loyalists,R5F1M4,16,1,3416.61,514,5452.25,3416.61,2026-01-06 13:25:23.613598
CUST10408,Николаев Дмитрий,customer408@example.com,Москва,2023-12-31,Potential Loyalists,R3F2M5,74,3,5011.86,325,11273.76,1670.62,2025-11-09 13:25:23.613598
CUST10409,Федоров Иван,customer409@example.com,Ростов-на-Дону,2023-08-04,Loyal Customers,R5F4M3,22,12,1657.37,543,4161.95,138.11,2025-12-31 13:25:23.613598
CUST10410,Иванов Алексей,customer410@example.com,Москва,2022-04-29,Loyal Customers,R5F5M1,30,17,125.43,551,276.9,7.38,2025-12-23 13:25:23.613598
CUST10411,Иванов Сергей,customer411@example.com,Екатеринбург,2023-01-28,Loyal Customers,R5F3M5,20,6,9318.48,535,18475.79,1553.08,2026-01-02 13:25:23.613598
CUST10412,Сергеев Дмитрий,customer412@example.com,Санкт-Петербург,2023-03-03,Loyal Customers,R4F3M5,41,9,8277.37,435,18649.42,919.71,2025-12-12 13:25:23.613598
CUST10413,Иванов Сергей,customer413@example.com,Санкт-Петербург,2022-02-23,Loyal Customers,R5F3M5,23,8,8062.95,535,22701.12,1007.87,2025-12-30 13:25:23.613598
CUST10414,Алексеев Иван,customer414@example.com,Нижний Новгород,2022-10-17,Loyal Customers,R4F4M2,40,11,955.22,442,1720.35,86.84,2025-12-13 13:25:23.613598
CUST10415,Попов Сергей,customer415@example.com,Екатеринбург,2023-08-01,Champions,R4F5M4,39,20,2501.58,454,6500.85,125.08,2025-12-14 13:25:23.613598
CUST10416,Васильев Иван,customer416@example.com,Екатеринбург,2023-07-14,Loyal Customers,R4F3M1,32,5,163.14,431,377.23,32.63,2025-12-21 13:25:23.613598
CUST10417,Иванов Сергей,customer417@example.com,Казань,2023-10-14,Potential Loyalists,R3F1M5,89,1,9514.8,315,15755.79,9514.8,2025-10-25 13:25:23.613598
CUST10418,Иванов Алексей,customer418@example.com,Казань,2023-06-27,Champions,R4F4M4,31,14,4971.09,444,8150.29,355.08,2025-12-22 13:25:23.613598
CUST10419,Попов Сергей,customer419@example.com,Санкт-Петербург,2022-08-26,Loyal Customers,R3F4M5,67,14,7038.38,345,16689.11,502.74,2025-11-16 13:25:23.613598
CUST10420,Сергеев Иван,customer420@example.com,Челябинск,2023-06-02,Loyal Customers,R5F4M2,18,13,840.82,542,2096.73,64.68,2026-01-04 13:25:23.613598
CUST10421,Попов Сергей,customer421@example.com,Нижний Новгород,2022-05-14,Champions,R4F4M4,31,10,2683.81,444,5306.13,268.38,2025-12-22 13:25:23.613598
CUST10422,Сидоров Иван,customer422@example.com,Новосибирск,2022-10-06,Potential Loyalists,R5F2M5,30,3,9441.19,525,15658.09,3147.06,2025-12-23 13:25:23.613598
CUST10423,Николаев Дмитрий,customer423@example.com,Екатеринбург,2023-04-06,Champions,R4F4M4,60,11,4124.47,444,8982.59,374.95,2025-11-23 13:25:23.613598
CUST10424,Федоров Дмитрий,customer424@example.com,Ростов-на-Дону,2023-04-20,Potential Loyalists,R4F2M2,34,4,995.17,422,1552.95,248.79,2025-12-19 13:25:23.613598
CUST10425,Попов Сергей,customer425@example.com,Омск,2022-12-02,Potential Loyalists,R5F2M5,19,3,7140.46,525,11234.98,2380.15,2026-01-03 13:25:23.613598
CUST10426,Васильев Сергей,customer426@example.com,Омск,2022-11-03,Loyal Customers,R4F3M1,34,6,407.71,431,1069.07,67.95,2025-12-19 13:25:23.613598
CUST10427,Федоров Алексей,customer427@example.com,Санкт-Петербург,2022-09-13,Loyal Customers,R5F5M3,13,15,1108.88,553,1683.21,73.93,2026-01-09 13:25:23.613598
CUST10428,Попов Иван,customer428@example.com,Ростов-на-Дону,2022-08-16,Loyal Customers,R5F3M5,17,7,8254.37,535,19638.61,1179.2,2026-01-05 13:25:23.613598
CUST10429,Михайлов Сергей,customer429@example.com,Новосибирск,2022-03-18,Potential Loyalists,R5F2M4,3,3,2057.73,524,3370.49,685.91,2026-01-19 13:25:23.613598
CUST10430,Иванов Алексей,customer430@example.com,Ростов-на-Дону,2022-12-06,Potential Loyalists,R5F2M5,16,2,9428.58,525,20268.94,4714.29,2026-01-06 13:25:23.613598
CUST10431,Васильев Алексей,customer431@example.com,Нижний Новгород,2023-02-09,Potential Loyalists,R3F1M4,64,1,3889.02,314,7086.09,3889.02,2025-11-19 13:25:23.613598
CUST10432,Сидоров Иван,customer432@example.com,Ростов-на-Дону,2022-07-11,Loyal Customers,R4F3M4,36,9,4515.51,434,10967.12,501.72,2025-12-17 13:25:23.613598
CUST10433,Николаев Сергей,customer433@example.com,Москва,2022-09-09,Loyal Customers,R3F4M5,83,10,5039.03,345,8221.59,503.9,2025-10-31 13:25:23.613598
CUST10434,Федоров Алексей,customer434@example.com,Омск,2023-01-28,Champions,R5F4M4,18,14,2074.63,544,5585.47,148.19,2026-01-04 13:25:23.613598
CUST10435,Алексеев Дмитрий,customer435@example.com,Ростов-на-Дону,2023-01-27,Champions,R4F5M5,46,16,5490.73,455,12373.85,343.17,2025-12-07 13:25:23.613598
CUST10436,Сергеев Алексей,customer436@example.com,Москва,2023-02-02,Loyal Customers,R4F3M1,35,6,358.02,431,1018.09,59.67,2025-12-18 13:25:23.613598
CUST10437,Федоров Алексей,customer437@example.com,Новосибирск,2022-10-15,Champions,R5F5M5,8,16,5341.38,555,8814.35,333.84,2026-01-14 13:25:23.613598
CUST10438,Федоров Иван,customer438@example.com,Екатеринбург,2023-11-04,Loyal Customers,R4F3M5,31,9,5383.53,435,12724.17,598.17,2025-12-22 13:25:23.613598
CUST10439,Сергеев Дмитрий,customer439@example.com,Нижний Новгород,2023-02-02,Loyal Customers,R4F3M3,46,6,1843.39,433,5292.33,307.23,2025-12-07 13:25:23.613598
CUST10440,Сергеев Алексей,customer440@example.com,Ростов-на-Дону,2022-01-29,Loyal Customers,R3F4M5,90,12,9480.83,345,27708.23,790.07,2025-10-24 13:25:23.613598
CUST10441,Иванов Иван,customer441@example.com,Москва,2023-05-20,Loyal Customers,R3F4M3,70,10,1838.01,343,3398.36,183.8,2025-11-13 13:25:23.613598
CUST10442,Попов Алексей,customer442@example.com,Новосибирск,2022-08-13,Champions,R5F5M4,3,17,4832.09,554,9718.0,284.24,2026-01-19 13:25:23.613598
CUST10443,Сергеев Алексей,customer443@example.com,Санкт-Петербург,2022-07-01,Potential Loyalists,R4F2M1,42,2,316.94,421,877.83,158.47,2025-12-11 13:25:23.613598
CUST10444,Михайлов Сергей,customer444@example.com,Ростов-на-Дону,2023-01-09,Champions,R5F4M5,10,12,7074.93,545,11684.58,589.58,2026-01-12 13:25:23.613598
CUST10445,Андреев Сергей,customer445@example.com,Самара,2022-11-06,Loyal Customers,R4F3M5,42,5,9761.02,435,24146.52,1952.2,2025-12-11 13:25:23.613598
CUST10446,Кузнецов Алексей,customer446@example.com,Челябинск,2022-06-28,Loyal Customers,R3F5M5,72,20,7891.22,355,15468.64,394.56,2025-11-11 13:25:23.613598
CUST10447,Иванов Сергей,customer447@example.com,Ростов-на-Дону,2023-12-07,Loyal Customers,R4F3M3,38,5,1859.31,433,2879.28,371.86,2025-12-15 13:25:23.613598
CUST10448,Сергеев Иван,customer448@example.com,Самара,2023-09-09,Champions,R4F5M4,41,20,2286.86,454,3912.74,114.34,2025-12-12 13:25:23.613598
CUST10449,Сидоров Иван,customer449@example.com,Нижний Новгород,2022-03-21,Champions,R4F4M5,31,12,9825.56,445,21320.92,818.8,2025-12-22 13:25:23.613598
CUST10450,Попов Дмитрий,customer450@example.com,Санкт-Петербург,2022-09-29,Loyal Customers,R5F3M5,27,8,6962.44,535,17967.42,870.31,2025-12-26 13:25:23.613598
CUST10451,Сидоров Сергей,customer451@example.com,Самара,2022-02-19,Champions,R4F5M5,50,15,7352.59,455,20753.82,490.17,2025-12-03 13:25:23.613598
CUST10452,Алексеев Алексей,customer452@example.com,Новосибирск,2022-12-26,Loyal Customers,R3F4M3,70,13,1104.14,343,2403.64,84.93,2025-11-13 13:25:23.613598
CUST10453,Петров Иван,customer453@example.com,Нижний Новгород,2022-02-04,Potential Loyalists,R4F1M4,38,1,3255.3,414,5713.56,3255.3,2025-12-15 13:25:23.613598
CUST10454,Петров Дмитрий,customer454@example.com,Ростов-на-Дону,2023-01-20,Potential Loyalists,R5F2M5,21,3,5515.76,525,16425.45,1838.59,2026-01-01 13:25:23.613598
CUST10455,Сидоров Сергей,customer455@example.com,Новосибирск,2023-05-10,Champions,R5F4M5,4,14,9430.18,545,14902.83,673.58,2026-01-18 13:25:23.613598
CUST10456,Николаев Дмитрий,customer456@example.com,Казань,2022-12-06,Loyal Customers,R5F3M4,27,7,4151.87,534,8079.96,593.12,2025-12-26 13:25:23.613598
CUST10457,Алексеев Алексей,customer457@example.com,Москва,2022-04-09,Champions,R5F4M5,7,13,5760.52,545,11758.63,443.12,2026-01-15 13:25:23.613598
CUST10458,Михайлов Сергей,customer458@example.com,Екатеринбург,2023-03-14,Champions,R5F4M5,12,10,8256.58,545,13586.05,825.66,2026-01-10 13:25:23.613598
CUST10459,Алексеев Иван,customer459@example.com,Казань,2022-07-31,Champions,R5F4M5,22,10,9772.87,545,26165.05,977.29,2025-12-31 13:25:23.613598
CUST10460,Николаев Сергей,customer460@example.com,Новосибирск,2023-04-28,Loyal Customers,R3F3M3,63,9,1002.26,333,2061.17,111.36,2025-11-20 13:25:23.613598
CUST10461,Смирнов Сергей,customer461@example.com,Самара,2023-01-26,Loyal Customers,R4F3M4,48,6,4513.18,434,8552.92,752.2,2025-12-05 13:25:23.613598
CUST10462,Андреев Иван,customer462@example.com,Санкт-Петербург,2022-10-03,Potential Loyalists,R3F2M3,73,2,1596.19,323,3994.01,798.1,2025-11-10 13:25:23.613598
CUST10463,Иванов Сергей,customer463@example.com,Омск,2023-07-09,Champions,R4F5M4,53,19,2352.38,454,5005.73,123.81,2025-11-30 13:25:23.613598
CUST10464,Кузнецов Сергей,customer464@example.com,Казань,2023-07-03,Loyal Customers,R3F5M5,88,16,5769.87,355,9338.15,360.62,2025-10-26 13:25:23.613598
CUST10465,Федоров Алексей,customer465@example.com,Санкт-Петербург,2022-02-05,Loyal Customers,R3F5M5,65,19,9014.51,355,26357.35,474.45,2025-11-18 13:25:23.613598
CUST10466,Федоров Алексей,customer466@example.com,Новосибирск,2023-04-05,Loyal Customers,R5F3M5,23,6,9724.43,535,15209.15,1620.74,2025-12-30 13:25:23.613598
CUST10467,Михайлов Алексей,customer467@example.com,Ростов-на-Дону,2022-03-22,Loyal Customers,R3F4M4,88,14,2099.0,344,3960.46,149.93,2025-10-26 13:25:23.613598
CUST10468,Николаев Дмитрий,customer468@example.com,Казань,2022-03-10,Champions,R5F4M5,12,13,5608.01,545,12783.63,431.39,2026-01-10 13:25:23.613598
CUST10469,Федоров Сергей,customer469@example.com,Санкт-Петербург,2022-01-13,Loyal Customers,R3F5M5,90,20,5917.0,355,12553.89,295.85,2025-10-24 13:25:23.613598
CUST10470,Петров Иван,customer470@example.com,Ростов-на-Дону,2022-06-01,Loyal Customers,R3F5M5,73,19,5868.5,355,15664.9,308.87,2025-11-10 13:25:23.613598
CUST10471,Смирнов Сергей,customer471@example.com,Самара,2022-10-20,Loyal Customers,R3F4M5,69,12,8791.15,345,20729.83,732.6,2025-11-14 13:25:23.613598
CUST10472,Сидоров Сергей,customer472@example.com,Москва,2023-04-30,Loyal Customers,R5F3M4,5,6,2826.6,534,5918.02,471.1,2026-01-17 13:25:23.613598
CUST10473,Алексеев Дмитрий,customer473@example.com,Нижний Новгород,2022-12-06,Loyal Customers,R3F3M2,89,8,587.98,332,899.82,73.5,2025-10-25 13:25:23.613598
CUST10474,Андреев Иван,customer474@example.com,Екатеринбург,2022-11-07,Loyal Customers,R4F3M5,40,9,8444.18,435,14368.44,938.24,2025-12-13 13:25:23.613598
CUST10475,Сергеев Иван,customer475@example.com,Екатеринбург,2023-03-30,Loyal Customers,R4F3M5,42,9,7315.11,435,15819.48,812.79,2025-12-11 13:25:23.613598
CUST10476,Иванов Алексей,customer476@example.com,Санкт-Петербург,2023-02-21,Loyal Customers,R3F5M5,63,17,8685.17,355,17080.99,510.89,2025-11-20 13:25:23.613598
CUST10477,Николаев Иван,customer477@example.com,Новосибирск,2023-06-03,Loyal Customers,R4F3M5,52,5,7827.11,435,14003.84,1565.42,2025-12-01 13:25:23.613598
CUST10478,Иванов Дмитрий,customer478@example.com,Екатеринбург,2022-07-25,Loyal Customers,R5F3M1,8,8,427.4,531,816.75,53.43,2026-01-14 13:25:23.613598
CUST10479,Петров Иван,customer479@example.com,Екатеринбург,2023-04-21,Loyal Customers,R3F4M5,65,13,6390.56,345,13156.24,491.58,2025-11-18 13:25:23.613598
CUST10480,Алексеев Дмитрий,customer480@example.com,Нижний Новгород,2023-09-01,Loyal Customers,R4F3M5,58,6,9609.15,435,16770.57,1601.53,2025-11-25 13:25:23.613598
CUST10481,Васильев Иван,customer481@example.com,Новосибирск,2022-09-22,Potential Loyalists,R3F2M4,89,3,2922.19,324,8125.82,974.06,2025-10-25 13:25:23.613598
CUST10482,Смирнов Сергей,customer482@example.com,Омск,2022-08-08,Loyal Customers,R5F3M5,29,8,6809.18,535,10418.58,851.15,2025-12-24 13:25:23.613598
CUST10483,Михайлов Алексей,customer483@example.com,Ростов-на-Дону,2023-11-30,Champions,R5F5M5,2,16,9124.0,555,24646.64,570.25,2026-01-20 13:25:23.613598
CUST10484,Смирнов Дмитрий,customer484@example.com,Челябинск,2022-08-18,Champions,R4F5M5,33,20,8070.35,455,22945.81,403.52,2025-12-20 13:25:23.613598
CUST10485,Смирнов Сергей,customer485@example.com,Ростов-на-Дону,2022-12-24,Loyal Customers,R4F3M4,59,9,2260.27,434,3737.28,251.14,2025-11-24 13:25:23.613598
CUST10486,Сергеев Дмитрий,customer486@example.com,Казань,2023-06-08,Loyal Customers,R3F4M5,85,12,5658.43,345,14296.69,471.54,2025-10-29 13:25:23.613598
CUST10487,Михайлов Дмитрий,customer487@example.com,Казань,2023-05-09,Champions,R5F4M5,9,11,9884.77,545,18699.23,898.62,2026-01-13 13:25:23.613598
CUST10488,Николаев Алексей,customer488@example.com,Москва,2023-12-30,Loyal Customers,R3F4M3,84,10,1964.76,343,5320.87,196.48,2025-10-30 13:25:23.613598
CUST10489,Андреев Иван,customer489@example.com,Самара,2023-09-07,Champions,R4F4M5,52,11,6839.48,445,20492.48,621.77,2025-12-01 13:25:23.613598
CUST10490,Иванов Алексей,customer490@example.com,Нижний Новгород,2022-09-23,Champions,R4F4M4,54,13,3943.92,444,10214.07,303.38,2025-11-29 13:25:23.613598
CUST10491,Алексеев Дмитрий,customer491@example.com,Омск,2022-08-16,Loyal Customers,R3F5M5,88,18,6419.3,355,12519.52,356.63,2025-10-26 13:25:23.613598
CUST10492,Петров Сергей,customer492@example.com,Новосибирск,2022-06-24,Loyal Customers,R3F5M3,85,18,1893.24,353,4943.98,105.18,2025-10-29 13:25:23.613598
CUST10493,Кузнецов Дмитрий,customer493@example.com,Екатеринбург,2023-07-27,Champions,R5F4M5,24,11,6578.9,545,17212.48,598.08,2025-12-29 13:25:23.613598
CUST10494,Сергеев Дмитрий,customer494@example.com,Самара,2022-11-11,Champions,R4F4M4,54,11,3779.66,444,10495.43,343.61,2025-11-29 13:25:23.613598
CUST10495,Сергеев Иван,customer495@example.com,Самара,2023-04-27,Champions,R5F5M5,7,19,5845.1,555,16565.83,307.64,2026-01-15 13:25:23.613598
CUST10496,Васильев Иван,customer496@example.com,Новосибирск,2023-05-28,Champions,R5F4M5,16,13,5345.4,545,9119.51,411.18,2026-01-06 13:25:23.613598
CUST10497,Алексеев Алексей,customer497@example.com,Нижний Новгород,2022-07-25,Champions,R4F4M5,44,14,9873.2,445,27581.67,705.23,2025-12-09 13:25:23.613598
CUST10498,Сидоров Дмитрий,customer498@example.com,Москва,2022-07-04,Champions,R5F5M4,11,16,3393.03,554,5113.54,212.06,2026-01-11 13:25:23.613598
CUST10499,Сидоров Сергей,customer499@example.com,Санкт-Петербург,2022-10-08,Loyal Customers,R5F3M5,27,6,5805.16,535,9834.58,967.53,2025-12-26 13:25:23.613598
